Ticker,Company,Share/ Par,% TNA,Class of shares,CUSIP,Market value
"NVDA","NVIDIA Corp","182,220,443.00","8.43%","Common Stock","67066G104","$42,630,472,639.85"
"AAPL","Apple Inc","110,346,762.00","7.28%","Common Stock","037833100","$36,821,611,011.78"
"MSFT","Microsoft Corp","56,144,630.00","5.75%","Common Stock","594918104","$29,056,530,363.90"
"MU","Micron Technology Inc","23,574,443.00","5.01%","Common Stock","595112103","$25,339,933,036.27"
"AMD","Advanced Micro Devices Inc","34,075,586.00","4.27%","Common Stock","007903107","$21,600,854,721.26"
"AMZN","Amazon.com Inc","81,555,495.00","4.06%","Common Stock","023135106","$20,512,838,102.40"
"META","Meta Platforms Inc","22,483,268.00","3.24%","Common Stock","30303M102","$16,369,617,765.44"
"GOOGL","Alphabet Inc","44,368,064.00","3.01%","Common Stock","02079K305","$15,240,429,984"
"TSLA","Tesla Inc","39,720,088.00","2.91%","Common Stock","88160R101","$14,719,867,411.92"
"SPCX","Space Exploration Technologies Corp","89,544,972.00","2.81%","Common Stock","84615Q103","$14,234,068,749.12"
"GOOG","Alphabet Inc","41,789,644.00","2.81%","Common Stock","02079K107","$14,223,105,335.40"
"INTC","Intel Corp","109,680,966.00","2.59%","Common Stock","458140100","$13,088,229,672.78"
"AVGO","Broadcom Inc","35,972,139.00","2.53%","Common Stock","11135F101","$12,775,145,444.46"
"WMT","Walmart Inc","101,513,889.00","2.09%","Common Stock","931142103","$10,583,838,067.14"
"CSCO","Cisco Systems Inc","82,271,977.00","1.83%","Common Stock","17275R102","$9,230,915,819.40"
"LRCX","Lam Research Corp","26,119,540.00","1.80%","Common Stock","512807306","$9,076,278,954.60"
"PLTR","Palantir Technologies Inc","48,024,204.00","1.79%","Common Stock","69608A108","$9,064,568,505"
"AMAT","Applied Materials Inc","16,565,306.00","1.77%","Common Stock","038222105","$8,945,927,852.24"
"COST","Costco Wholesale Corp","9,257,075.00","1.69%","Common Stock","22160K105","$8,522,526,098.75"
"PANW","Palo Alto Networks Inc","17,012,039.00","1.36%","Common Stock","697435105","$6,859,934,606.36"
"NFLX","Netflix Inc","86,916,406.00","1.15%","Common Stock","64110L106","$5,828,614,186.36"
"CRWD","Crowdstrike Holdings Inc","21,373,177.00","1.14%","Common Stock","22788C105","$5,771,612,717.08"
"KLAC","KLA Corp","27,272,388.00","1.12%","Common Stock","482480100","$5,642,384,353.32"
"TXN","Texas Instruments Inc","19,062,811.00","1.11%","Common Stock","882508104","$5,600,653,871.80"
"SNDK","Sandisk Corp","3,056,325.00","1.04%","Common Stock","80004C200","$5,256,848,436.75"
"MRVL","Marvell Technology Inc","18,304,133.00","0.99%","Common Stock","573874104","$4,984,032,374.57"
"LIN","Linde PLC","9,622,381.00","0.91%","Common Stock","G54950103","$4,613,739,241.88"
"AMGN","Amgen Inc","11,284,935.00","0.90%","Common Stock","031162100","$4,548,280,202.40"
"ADI","Analog Devices Inc","10,114,603.00","0.83%","Common Stock","032654105","$4,219,306,641.45"
"QCOM","QUALCOMM Inc","21,922,197.00","0.80%","Common Stock","747525103","$4,052,756,559.39"
"STX","Seagate Technology Holdings PLC","4,730,898.00","0.79%","Common Stock","G7997R103","$4,016,485,093.02"
"SHOP","Shopify Inc","25,227,234.00","0.76%","Common Stock","82509L107","$3,819,150,955.26"
"GILD","Gilead Sciences Inc","25,882,392.00","0.74%","Common Stock","375558103","$3,746,217,418.08"
"ASML","ASML Holding NV","1,962,501.00","0.72%","American Depository Receipt - NY","N07059210","$3,664,597,742.31"
"TMUS","T-Mobile US Inc","22,390,581.00","0.72%","Common Stock","872590104","$3,663,994,674.84"
"PEP","PepsiCo Inc","28,490,218.00","0.71%","Common Stock","713448108","$3,586,633,544.02"
"WDC","Western Digital Corp","7,525,767.00","0.62%","Common Stock","958102105","$3,125,375,777.43"
"ISRG","Intuitive Surgical Inc","7,374,190.00","0.57%","Common Stock","46120E602","$2,890,313,770.50"
"ARM","ARM Holdings PLC","9,103,259.00","0.55%","American Depository Receipt","042068205","$2,799,161,109.91"
"FTNT","Fortinet Inc","15,315,251.00","0.55%","Common Stock","34959E109","$2,771,294,668.45"
"VRTX","Vertex Pharmaceuticals Inc","5,290,598.00","0.53%","Common Stock","92532F100","$2,670,323,528.54"
"BKNG","Booking Holdings Inc","15,683,984.00","0.49%","Common Stock","09857L108","$2,494,067,135.68"
"SBUX","Starbucks Corp","23,795,941.00","0.45%","Common Stock","855244109","$2,253,713,572.11"
"ADP","Automatic Data Processing Inc","8,292,298.00","0.42%","Common Stock","053015103","$2,136,759,348.64"
"LITE","Lumentum Holdings Inc","1,872,375.00","0.40%","Common Stock","55024U109","$2,032,313,272.50"
"CDNS","Cadence Design Systems Inc","5,748,404.00","0.40%","Common Stock","127387108","$2,019,701,745.40"
"ADBE","Adobe Inc","8,297,211.00","0.39%","Common Stock","00724F101","$1,972,164,082.59"
"SNPS","Synopsys Inc","4,000,180.00","0.39%","Common Stock","871607107","$1,959,688,182"
"MAR","Marriott International Inc/MD","5,443,161.00","0.39%","Common Stock","571903202","$1,953,877,072.56"
"DDOG","Datadog Inc","6,990,611.00","0.38%","Common Stock","23804L103","$1,937,937,181.42"
"CEG","Constellation Energy Corp","7,395,753.00","0.38%","Common Stock","21037T109","$1,904,332,439.97"
"CSX","CSX Corp","38,667,851.00","0.36%","Common Stock","126408103","$1,834,016,172.93"
"MELI","MercadoLibre Inc","1,058,172.00","0.35%","Common Stock","58733R102","$1,795,252,288.32"
"MNST","Monster Beverage Corp","40,829,098.00","0.35%","Common Stock","61174X109","$1,753,201,468.12"
"APP","AppLovin Corp","6,354,784.00","0.34%","Common Stock","03831W108","$1,704,480,164.48"
"WBD","Warner Bros Discovery Inc","52,407,439.00","0.32%","Common Stock","934423104","$1,621,486,162.66"
"DASH","DoorDash Inc","8,538,995.00","0.32%","Common Stock","25809K105","$1,615,150,904.25"
"CTAS","Cintas Corp","8,353,061.00","0.32%","Common Stock","172908105","$1,612,307,834.22"
"INTU","Intuit Inc","5,709,649.00","0.32%","Common Stock","461202103","$1,604,868,140.92"
"CMCSA","Comcast Corp","73,875,670.00","0.32%","Common Stock","20030N101","$1,593,498,201.90"
"MDLZ","Mondelez International Inc","26,641,177.00","0.31%","Common Stock","609207105","$1,550,250,089.63"
"REGN","Regeneron Pharmaceuticals Inc","2,111,156.00","0.31%","Common Stock","75886F107","$1,552,121,891.20"
"ROST","Ross Stores Inc","6,695,928.00","0.30%","Common Stock","778296103","$1,530,287,385.12"
"MPWR","Monolithic Power Systems Inc","1,025,823.00","0.29%","Common Stock","609839105","$1,476,908,147.79"
"TER","Teradyne Inc","3,263,496.00","0.29%","Common Stock","880770102","$1,465,440,243.84"
"ORLY","O'Reilly Automotive Inc","16,885,876.00","0.28%","Common Stock","67103H107","$1,433,610,872.40"
"ABNB","Airbnb Inc","8,757,036.00","0.28%","Common Stock","009066101","$1,422,405,357.48"
"HON","Honeywell International Inc","6,615,712.00","0.28%","Common Stock","438516205","$1,415,696,210.88"
"AEP","American Electric Power Co Inc","11,363,550.00","0.27%","Common Stock","025537101","$1,358,739,673.50"
"NXPI","NXP Semiconductors NV","5,263,764.00","0.25%","Common Stock","N6596X109","$1,282,568,736.24"
"ALAB","Astera Labs Inc","3,621,419.00","0.25%","Common Stock","04626A103","$1,268,691,718.27"
"USD","CASH & EQUIVALENTS","1,230,929,499.34","0.24%","Currency","CASHUSD00","$1,230,929,499.34"
"MSTR","Strategy Inc","7,610,532.00","0.24%","Common Stock","594972408","$1,217,761,225.32"
"FAST","Fastenal Co","23,953,649.00","0.24%","Common Stock","311900104","$1,215,647,686.75"
"NBIS","Nebius Group NV","4,976,338.00","0.24%","Common Stock","N97284108","$1,208,304,629.78"
"PCAR","PACCAR Inc","10,987,368.00","0.24%","Common Stock","693718108","$1,205,094,522.24"
"BKR","Baker Hughes Co","20,721,647.00","0.23%","Common Stock","05722G100","$1,160,412,232"
"FANG","Diamondback Energy Inc","5,845,254.00","0.21%","Common Stock","25278X109","$1,079,676,866.34"
"PDD","PDD Holdings Inc","13,942,292.00","0.21%","American Depository Receipt","722304102","$1,050,969,970.96"
"HONA","Honeywell Aerospace Inc","6,613,546.00","0.20%","Common Stock","43849R105","$1,022,652,617.98"
"PYPL","PayPal Holdings Inc","17,851,151.00","0.19%","Common Stock","70450Y103","$942,540,772.80"
"XEL","Xcel Energy Inc","13,034,483.00","0.19%","Common Stock","98389B100","$930,662,086.20"
"ADSK","Autodesk Inc","4,361,233.00","0.18%","Common Stock","052769106","$924,581,396"
"RKLB","Rocket Lab Corp","12,488,209.00","0.18%","Common Stock","773121108","$923,128,409.28"
"MCHP","Microchip Technology Inc","11,331,073.00","0.18%","Common Stock","595017104","$921,442,856.36"
"CCEP","Coca-Cola Europacific Partners PLC","9,078,057.00","0.18%","Common Stock","G25839104","$917,428,440.42"
"EXC","Exelon Corp","21,540,404.00","0.17%","Common Stock","30161N101","$877,340,654.92"
"KDP","Keurig Dr Pepper Inc","28,396,759.00","0.17%","Common Stock","49271V100","$862,409,570.83"
"CRWV","CoreWeave Inc","9,575,403.00","0.17%","Common Stock","21873S108","$858,147,616.86"
"IDXX","IDEXX Laboratories Inc","1,643,969.00","0.17%","Common Stock","45168D104","$852,217,089.91"
"FER","Ferrovial NV","15,223,854.00","0.16%","Common Stock","N3168P101","$816,607,528.56"
"TTWO","Take-Two Interactive Software Inc","3,901,745.00","0.16%","Common Stock","874054109","$791,000,763.85"
"ODFL","Old Dominion Freight Line Inc","4,326,974.00","0.15%","Common Stock","679580100","$780,932,267.52"
"TRI","Thomson Reuters Corp","7,862,829.85","0.15%","Common Stock","884903881","$767,569,450.26"
"WDAY","Workday Inc","4,089,963.00","0.15%","Common Stock","98138H101","$761,305,712.82"
"PAYX","Paychex Inc","7,422,091.00","0.15%","Common Stock","704326107","$734,341,683.54"
"ROP","Roper Technologies Inc","2,063,810.00","0.14%","Common Stock","776696106","$731,249,159.20"
"AXON","Axon Enterprise Inc","1,695,239.00","0.14%","Common Stock","05464C101","$700,727,040.65"
"NQZ6","CME E-Mini NASDAQ 100 Index Future","1,125.00","0.14%","Index Future","NQZ6","$698,889,375"
"DXCM","Dexcom Inc","7,874,483.00","0.13%","Common Stock","252131107","$672,165,868.88"
"ALNY","Alnylam Pharmaceuticals Inc","2,792,211.00","0.12%","Common Stock","02043Q107","$613,504,600.92"
"GEHC","GE HealthCare Technologies Inc","9,425,469.00","0.12%","Common Stock","36266G107","$605,963,402.01"
"CPRT","Copart Inc","19,319,199.00","0.10%","Common Stock","217204106","$525,868,596.78"
"--","CASH COLLATERAL","24,848,621.67","0.00%","Currency Collateral","FUTPLGCSH","$24,848,621.67"
"--","CONTRA FUTURE FUTURE DEC 18 26","-1,125.00","-0.14%","Synthetic Cash","NQZ6","-$698,889,375"
"USDPDV","USD Pending Dividends","0.00","--","Currency","--","$84,254,691.66"

# as of 2026-10-02