date,sym,rank,score,setup,ext_pct,px,open_gap,ret5,ret10,ret20,alpha20,max_dd,max_up,stop,target,outcome,days_to_outcome
2026-08-11,TTWO,1,100,EXTENDED,4.7964,252.7900,-0.0174,-0.0411,-0.0786,-0.1648,-0.1542,-0.1751,-0.0151,240.3477,271.4534,stop,2.0000
2026-08-11,IFF,2,100,EXTENDED,6.8811,85.2850,-0.0002,-0.0502,0.0220,-0.0114,-0.0008,-0.0518,0.0393,81.3066,91.2526,stop,5.0000
2026-08-11,RL,3,100,EXTENDED,4.8089,402.1000,0.0013,-0.0593,-0.0982,-0.1654,-0.1548,-0.1664,0.0036,381.0856,433.6217,stop,4.0000
2026-08-11,NWSA,4,97,PULLBACK,1.7504,28.6000,-0.0052,0.0276,0.0811,0.0353,0.0459,-0.0133,0.1070,26.8037,30.0644,target,8.0000
2026-08-11,NWS,5,97,PULLBACK,2.7199,32.8000,-0.0101,0.0210,0.0716,0.0085,0.0191,-0.0165,0.0902,30.4062,34.2195,target,8.0000
2026-08-11,LLY,6,96,PULLBACK,3.7045,1220.6700,-0.0155,0.0041,0.0106,-0.0790,-0.0684,-0.0878,0.0590,1114.6640,1270.6677,target,6.0000
2026-08-11,EMR,7,96,EXTENDED,8.6107,161.8500,0.0251,-0.0251,-0.0426,-0.0711,-0.0605,-0.0958,0.0278,154.7339,172.5242,stop,7.0000
2026-08-11,NUE,8,96,EXTENDED,7.6841,273.7650,-0.0010,-0.0350,-0.0958,-0.0579,-0.0473,-0.1284,0.0036,262.1430,291.1981,stop,6.0000
2026-08-11,CPAY,9,96,EXTENDED,6.7793,407.7000,-0.0088,-0.0022,0.0115,-0.0039,0.0066,-0.0175,0.0485,390.2471,433.8795,open,
2026-08-11,ANET,10,93,EXTENDED,10.3375,196.9800,0.0431,-0.0193,-0.0307,-0.0206,-0.0100,-0.0798,0.0735,180.8645,221.1532,open,
2026-08-11,VZ,11,93,PULLBACK,2.8010,47.1150,-0.0048,0.0302,0.0665,0.0557,0.0663,-0.0107,0.0810,43.9111,48.7114,target,5.0000
2026-08-11,MCK,12,93,EXTENDED,5.2130,895.3399,0.0073,-0.0291,0.0109,-0.0041,0.0065,-0.0642,0.0387,853.2639,958.4539,stop,3.0000
2026-08-11,MSI,13,93,EXTENDED,8.0645,466.5000,-0.0005,0.0064,0.0405,-0.0142,-0.0036,-0.0202,0.0608,446.4218,496.6173,open,
2026-08-11,COR,14,93,EXTENDED,5.7308,329.8900,-0.0312,-0.0417,-0.0055,-0.0199,-0.0093,-0.0845,0.0267,317.0652,349.1273,stop,1.0000
2026-08-11,ZBH,15,93,PULLBACK,3.9712,97.5900,-0.0195,0.0160,0.0272,-0.0305,-0.0199,-0.0586,0.0540,89.2633,100.7612,target,3.0000
2026-08-11,PH,16,90,EXTENDED,7.8204,1070.0425,0.0006,-0.0263,-0.0502,-0.1127,-0.1021,-0.1274,0.0045,1027.1326,1134.4072,stop,6.0000
2026-08-11,ABNB,17,90,EXTENDED,21.2417,185.4650,-0.0219,-0.0119,0.0271,-0.0854,-0.0748,-0.0893,0.0431,176.1266,199.4725,stop,19.0000
2026-08-11,GILD,18,89,PULLBACK,1.9475,134.8500,-0.0064,0.0637,0.1032,0.0801,0.0907,-0.0115,0.1313,126.2444,141.3184,target,5.0000
2026-08-11,DVN,19,89,PULLBACK,3.2872,45.4500,-0.0174,0.0524,0.0321,0.0777,0.0883,-0.0396,0.0939,41.9585,47.0709,target,4.0000
2026-08-11,OXY,20,89,EXTENDED,5.9285,59.2400,-0.0125,0.0095,-0.0140,0.0348,0.0454,-0.0348,0.0501,56.5382,63.2928,open,
2026-08-12,TTWO,1,97,PULLBACK,0.5853,242.9900,0.0032,-0.0245,-0.0393,-0.1071,-0.0881,-0.1419,0.0247,228.5810,261.0685,stop,11.0000
2026-08-12,PH,2,96,EXTENDED,6.8953,1064.3101,0.0059,-0.0386,-0.0233,-0.1221,-0.1031,-0.1269,0.0059,1021.0825,1129.1514,stop,5.0000
2026-08-12,NTRS,3,96,PULLBACK,3.5772,190.8400,0.0115,-0.0285,-0.0167,-0.0191,-0.0001,-0.0508,0.0259,178.3388,193.1143,target,1.0000
2026-08-12,CVX,4,93,PULLBACK,2.8498,196.8000,-0.0091,0.0455,0.0173,0.0811,0.1001,-0.0155,0.1047,184.7314,201.2704,target,2.0000
2026-08-12,MCK,5,93,EXTENDED,4.6002,890.8500,-0.0199,-0.0417,0.0065,-0.0112,0.0078,-0.0595,0.0439,849.1148,953.4528,stop,6.0000
2026-08-12,MSI,6,93,EXTENDED,7.5253,467.0100,0.0060,0.0296,0.0434,-0.0067,0.0123,-0.0213,0.0596,447.2653,496.6271,open,
2026-08-12,TPR,7,93,PULLBACK,2.4938,153.4950,-0.1355,-0.1419,-0.1514,-0.2451,-0.2261,-0.2696,-0.1154,142.0637,161.3051,stop,1.0000
2026-08-12,VRSN,8,93,PULLBACK,0.1568,283.3500,0.0084,-0.0364,0.0340,0.0194,0.0384,-0.0432,0.0600,269.3948,303.1741,open,
2026-08-12,AMCR,9,93,PULLBACK,1.8146,46.3517,0.0140,0.0237,0.0172,-0.0723,-0.0533,-0.0829,0.0558,43.6068,48.4038,target,7.0000
2026-08-12,GEN,10,93,PULLBACK,2.8657,28.2500,0.0223,-0.0251,0.0492,0.0609,0.0799,-0.0439,0.1204,25.9740,29.6965,target,2.0000
2026-08-12,RL,11,93,PULLBACK,1.9582,390.0800,0.0168,-0.0311,-0.0712,-0.1369,-0.1179,-0.1506,0.0199,361.0277,414.9285,stop,10.0000
2026-08-12,NWS,12,93,PULLBACK,1.2453,32.4000,-0.0025,0.0349,0.0877,0.0117,0.0307,-0.0025,0.1037,30.4823,34.2803,target,7.0000
2026-08-12,ABNB,13,90,EXTENDED,17.0869,180.9900,-0.0005,0.0298,0.0391,-0.0737,-0.0547,-0.0838,0.0689,171.5803,195.1046,stop,19.0000
2026-08-12,PLTR,14,89,EXTENDED,19.8957,169.2100,0.0248,0.0353,0.0490,-0.0198,-0.0008,-0.0275,0.1132,156.3976,188.4287,open,
2026-08-12,COHR,15,89,EXTENDED,17.9609,352.2946,-0.0210,-0.1840,-0.1644,-0.1678,-0.1488,-0.2755,0.0285,300.5941,429.8453,stop,5.0000
2026-08-12,OXY,16,89,PULLBACK,3.9451,58.3600,-0.0106,0.0296,0.0045,0.0480,0.0670,-0.0202,0.0665,53.5276,60.0711,target,4.0000
2026-08-12,STE,17,89,EXTENDED,4.2058,234.9700,0.0098,0.0083,0.0077,-0.0958,-0.0769,-0.1005,0.0229,224.9004,250.0744,stop,17.0000
2026-08-12,APA,18,89,EXTENDED,9.4947,40.0800,-0.0170,0.0841,0.0277,0.1110,0.1300,-0.0250,0.1502,37.8788,43.3817,target,5.0000
2026-08-12,LLY,19,88,PULLBACK,3.1529,1217.0000,0.0175,0.0520,-0.0227,-0.0772,-0.0583,-0.0850,0.0622,1118.8374,1271.2477,target,5.0000
2026-08-12,VLO,20,88,EXTENDED,5.3822,325.1250,0.0086,0.0650,0.0704,0.1855,0.2045,0.0031,0.2104,308.1165,350.6377,target,4.0000
2026-08-13,TTWO,1,97,PULLBACK,0.3016,241.9100,0.0018,-0.0073,-0.0368,-0.1093,-0.0918,-0.1380,0.0292,228.6805,259.9355,stop,10.0000
2026-08-13,CVX,2,93,PULLBACK,2.9532,197.7000,0.0059,0.0408,0.0105,0.0828,0.1002,0.0006,0.0996,185.3894,201.9885,target,2.0000
2026-08-13,VRTX,3,93,EXTENDED,5.3289,516.4400,-0.0097,0.0461,0.0602,-0.0019,0.0155,-0.0274,0.0848,493.0611,551.5083,target,4.0000
2026-08-13,IBKR,4,93,PULLBACK,1.3509,91.4200,-0.0001,-0.0172,0.0561,-0.0005,0.0169,-0.0316,0.0802,85.3104,97.5381,target,8.0000
2026-08-13,GEN,5,93,EXTENDED,7.3555,29.5700,0.0017,-0.0470,0.0315,0.0233,0.0408,-0.0866,0.0703,28.1280,31.7329,stop,2.0000
2026-08-13,NWS,6,93,PULLBACK,2.9207,32.9300,-0.0052,0.0258,0.0726,-0.0067,0.0108,-0.0134,0.0859,30.5610,34.1472,target,6.0000
2026-08-13,ABNB,7,90,EXTENDED,18.3701,185.1300,-0.0007,-0.0007,-0.0039,-0.0807,-0.0632,-0.1043,0.0450,175.7552,199.1923,stop,17.0000
2026-08-13,LITE,8,89,EXTENDED,11.6810,880.4100,0.0139,-0.0013,0.0860,0.0530,0.0704,-0.1090,0.1662,755.3761,1067.9609,open,
2026-08-13,MRK,9,88,EXTENDED,4.6326,135.5500,-0.0083,0.0992,0.1032,0.0618,0.0793,-0.0159,0.1577,130.5204,143.0944,target,4.0000
2026-08-13,PH,10,88,EXTENDED,5.7498,1058.8700,-0.0007,-0.0555,-0.0450,-0.1026,-0.0851,-0.1224,0.0058,1016.7123,1122.1066,stop,4.0000
2026-08-13,DELL,11,88,EXTENDED,14.6277,494.5100,0.0030,-0.1208,-0.0450,0.1472,0.1646,-0.1469,0.1481,443.1113,571.6081,stop,4.0000
2026-08-13,EQIX,12,88,PULLBACK,3.1411,1073.7800,0.0058,0.0082,0.0025,-0.0336,-0.0161,-0.0666,0.0330,996.4097,1108.0830,target,2.0000
2026-08-13,FDX,13,88,EXTENDED,7.4683,339.3500,-0.0009,-0.0392,-0.0234,-0.0806,-0.0632,-0.0959,0.0069,327.6113,356.9581,stop,4.0000
2026-08-13,FAST,14,88,EXTENDED,5.8349,51.3400,0.0010,-0.0132,-0.0039,-0.0393,-0.0219,-0.0719,0.0158,49.4322,54.2017,stop,12.0000
2026-08-13,NTRS,15,88,PULLBACK,3.7625,190.4800,0.0000,-0.0418,-0.0221,-0.0068,0.0107,-0.0490,0.0179,177.8533,192.1526,target,2.0000
2026-08-13,LYV,16,88,PULLBACK,2.4224,186.0600,0.0022,-0.0217,-0.0291,-0.0855,-0.0680,-0.0969,0.0171,175.1916,191.3614,stop,16.0000
2026-08-13,SW,17,88,EXTENDED,5.8087,50.0200,-0.0090,-0.0366,-0.0278,-0.1359,-0.1185,-0.1663,0.0100,47.2527,54.1710,stop,3.0000
2026-08-13,SWK,18,88,EXTENDED,6.4466,102.2100,-0.0009,-0.0329,-0.0291,-0.1269,-0.1094,-0.1395,0.0041,97.3250,109.5375,stop,5.0000
2026-08-13,IVZ,19,88,EXTENDED,5.8485,32.3600,-0.0111,-0.0309,0.0294,-0.0025,0.0150,-0.0358,0.0402,30.9648,34.4527,open,
2026-08-13,MPC,20,86,EXTENDED,12.7955,356.3700,0.0017,0.0052,0.0201,0.1110,0.1285,-0.0244,0.1480,338.4697,383.2204,target,14.0000
2026-08-14,NTRS,1,100,PULLBACK,3.2827,190.8700,0.0027,-0.0365,-0.0214,-0.0480,-0.0281,-0.0578,0.0158,178.7988,193.8105,target,1.0000
2026-08-14,FDX,2,96,EXTENDED,6.7271,337.9109,-0.0093,-0.0380,-0.0208,-0.0750,-0.0551,-0.0921,0.0086,326.5752,354.9144,stop,4.0000
2026-08-14,LYV,3,96,PULLBACK,3.5234,188.4150,-0.0088,-0.0350,-0.0359,-0.0898,-0.0699,-0.1081,0.0029,175.7360,191.4016,stop,15.0000
2026-08-14,HPQ,4,96,EXTENDED,10.3677,30.6000,-0.0284,-0.0291,-0.0026,0.1118,0.1317,-0.1265,0.1840,28.6003,33.5996,stop,6.0000
2026-08-14,CVX,5,93,PULLBACK,3.9673,200.3200,0.0020,0.0247,0.0077,0.0592,0.0791,-0.0125,0.0865,186.1402,202.4797,target,1.0000
2026-08-14,VRTX,6,93,PULLBACK,2.9049,505.5600,-0.0033,0.0840,0.0715,0.0276,0.0475,-0.0060,0.1082,468.0505,526.1454,target,2.0000
2026-08-14,KMI,7,93,PULLBACK,1.7630,32.4250,0.0125,-0.0446,-0.0267,-0.0452,-0.0253,-0.0591,0.0196,30.8729,33.3488,stop,5.0000
2026-08-14,TTWO,8,93,PULLBACK,1.8596,246.3163,-0.0053,-0.0272,-0.0444,-0.0950,-0.0751,-0.1534,0.0084,229.4699,260.3434,stop,9.0000
2026-08-14,NWS,9,93,PULLBACK,2.4912,32.9850,-0.0017,0.0474,0.0565,0.0265,0.0464,-0.0150,0.0841,30.7285,34.3653,target,5.0000
2026-08-14,ABNB,10,90,EXTENDED,17.4062,185.9700,-0.0103,0.0072,0.0186,-0.0824,-0.0625,-0.1083,0.0402,176.9657,199.4765,stop,16.0000
2026-08-14,LITE,11,89,EXTENDED,17.5988,939.1962,0.0098,-0.0772,-0.0471,-0.1109,-0.0910,-0.1647,0.0932,814.7913,1125.8036,stop,6.0000
2026-08-14,COO,12,89,PULLBACK,3.8708,76.3300,-0.0100,-0.0014,-0.0676,-0.2897,-0.2697,-0.3317,0.0233,70.9236,77.3284,target,3.0000
2026-08-14,MRK,13,88,PULLBACK,3.3234,134.2000,0.0056,0.1367,0.1054,0.0794,0.0993,0.0026,0.1693,124.9828,137.2345,target,2.0000
2026-08-14,DELL,14,88,EXTENDED,13.8979,497.1000,-0.0009,-0.1107,-0.0822,0.0748,0.0947,-0.1513,0.1421,448.2199,570.4202,stop,3.0000
2026-08-14,EQIX,15,88,PULLBACK,3.9835,1086.0200,0.0182,-0.0190,-0.0383,-0.0804,-0.0605,-0.0838,0.0214,1001.0038,1109.5343,stop,20.0000
2026-08-14,DRI,16,88,EXTENDED,7.1471,223.1200,0.0019,-0.0068,-0.0336,-0.0204,-0.0005,-0.0730,0.0203,214.4086,236.1872,stop,9.0000
2026-08-14,IVZ,17,88,EXTENDED,5.6629,32.4150,0.0008,-0.0122,0.0137,-0.0279,-0.0080,-0.0403,0.0384,31.0449,34.4702,open,
2026-08-14,MPC,18,86,EXTENDED,12.5327,358.1000,0.0013,0.0073,0.0300,0.1071,0.1270,-0.0291,0.1435,340.9143,383.8786,target,13.0000
2026-08-14,REGN,19,86,EXTENDED,9.1101,799.2000,0.0032,0.0436,-0.0063,-0.0068,0.0131,-0.0252,0.0753,768.7250,844.9125,target,3.0000
2026-08-14,NTAP,20,86,EXTENDED,12.2546,204.1050,0.0161,-0.0580,-0.0837,-0.0775,-0.0576,-0.2112,0.0189,192.8317,221.0149,stop,4.0000
2026-08-17,FDX,1,96,EXTENDED,5.5626,336.0500,-0.0079,-0.0060,-0.0257,-0.0827,-0.0629,-0.0871,0.0142,324.5018,353.3722,stop,5.0000
2026-08-17,KMI,2,93,PULLBACK,3.2421,32.9350,-0.0056,-0.0588,-0.0211,-0.0657,-0.0460,-0.0736,0.0038,30.9010,33.4004,stop,4.0000
2026-08-17,PCG,3,93,PULLBACK,0.3482,17.5800,0.0068,0.0301,-0.2452,-0.2520,-0.2322,-0.2838,0.0472,16.8099,18.5826,stop,9.0000
2026-08-17,HPQ,4,93,EXTENDED,5.9123,29.6250,0.0005,-0.0353,0.0133,0.1416,0.1614,-0.0977,0.2230,27.6095,32.6483,stop,8.0000
2026-08-17,NWS,5,93,PULLBACK,2.6401,32.8900,0.0003,0.0657,0.0462,0.0271,0.0468,-0.0122,0.0873,30.6493,34.1361,target,4.0000
2026-08-17,HPE,6,89,EXTENDED,12.0630,57.6550,-0.0311,-0.0906,-0.0939,-0.0308,-0.0110,-0.2074,0.0780,53.0748,64.5253,stop,2.0000
2026-08-17,LITE,7,89,EXTENDED,19.7095,967.3500,-0.0600,-0.1418,-0.0544,-0.1327,-0.1129,-0.1891,0.0614,847.4072,1147.2641,stop,2.0000
2026-08-17,APO,8,89,EXTENDED,6.6777,137.2900,-0.0302,-0.0328,-0.0052,-0.0750,-0.0552,-0.0791,0.0039,130.1959,147.9311,stop,3.0000
2026-08-17,COO,9,89,PULLBACK,3.2794,76.0351,0.0007,-0.0031,-0.0782,-0.2994,-0.2796,-0.3291,0.0273,71.1970,77.2564,target,2.0000
2026-08-17,CLX,10,89,EXTENDED,5.1859,106.8000,-0.0017,0.0035,-0.0854,-0.1839,-0.1641,-0.1974,0.0245,102.2465,113.6303,stop,10.0000
2026-08-17,MRK,11,88,EXTENDED,4.5485,136.5100,0.0053,0.1037,0.0824,0.0533,0.0731,-0.0119,0.1495,131.6947,143.7329,target,2.0000
2026-08-17,TGT,12,88,EXTENDED,4.4412,153.0254,0.0023,0.1102,0.0513,0.0090,0.0288,-0.0445,0.1158,147.4130,161.4441,target,2.0000
2026-08-17,FAST,13,88,EXTENDED,4.0284,51.0800,0.0125,0.0039,-0.0347,-0.0327,-0.0129,-0.0671,0.0209,49.3069,53.7397,stop,10.0000
2026-08-17,AME,14,88,PULLBACK,3.3084,255.7700,-0.0126,-0.0525,-0.0805,-0.0834,-0.0636,-0.1023,-0.0088,239.6993,259.3985,stop,3.0000
2026-08-17,NTRS,15,88,EXTENDED,4.4008,192.5110,-0.0069,-0.0304,-0.0361,-0.0715,-0.0518,-0.0878,-0.0006,186.7139,201.2066,stop,2.0000
2026-08-17,LYV,16,88,PULLBACK,2.6090,186.6050,-0.0125,-0.0108,-0.0360,-0.0877,-0.0679,-0.0995,0.0126,175.2939,191.7098,stop,14.0000
2026-08-17,DRI,17,88,EXTENDED,7.8955,226.3450,0.0001,-0.0035,-0.0534,-0.0761,-0.0563,-0.0862,0.0057,217.9301,238.9673,stop,3.0000
2026-08-17,JBHT,18,88,PULLBACK,2.9745,285.4250,-0.0086,-0.0895,-0.0699,-0.0434,-0.0236,-0.1097,-0.0086,264.7397,295.8411,stop,5.0000
2026-08-17,NDSN,19,88,PULLBACK,1.9484,308.8250,0.0019,0.0813,0.0418,0.0014,0.0212,-0.0191,0.0981,294.6138,315.3862,target,3.0000
2026-08-17,IVZ,20,88,EXTENDED,5.5599,32.5800,-0.0052,-0.0040,0.0061,-0.0552,-0.0355,-0.0602,0.0331,31.2326,34.6011,stop,3.0000
2026-08-18,FDX,1,96,EXTENDED,4.6993,333.1500,-0.0066,0.0017,-0.0248,-0.0943,-0.0769,-0.1014,0.0231,321.7175,350.2987,stop,10.0000
2026-08-18,KMI,2,93,PULLBACK,2.9894,32.8500,0.0046,-0.0581,-0.0228,-0.0645,-0.0471,-0.0743,0.0064,30.9053,33.3832,stop,3.0000
2026-08-18,PCG,3,93,PULLBACK,2.1898,17.9200,0.0017,0.0246,-0.2154,-0.2550,-0.2376,-0.2974,0.0273,16.8275,18.5988,stop,8.0000
2026-08-18,HPQ,4,93,EXTENDED,6.7753,29.8800,-0.0010,-0.0120,0.0482,0.0944,0.1118,-0.1054,0.2125,27.9106,32.8342,stop,7.0000
2026-08-18,NWS,5,93,PULLBACK,3.5575,33.2000,0.0087,0.0587,0.0310,0.0072,0.0247,-0.0214,0.0771,30.6557,34.1653,target,3.0000
2026-08-18,HPE,6,89,EXTENDED,9.5736,56.3000,-0.0108,-0.0508,-0.0964,0.0067,0.0242,-0.1883,0.1039,51.6426,63.2861,stop,1.0000
2026-08-18,LITE,7,89,EXTENDED,11.8257,899.8700,-0.0085,-0.0159,-0.0344,0.0217,0.0392,-0.1282,0.1410,779.2340,1080.8239,open,
2026-08-18,APO,8,89,EXTENDED,4.0555,133.7300,-0.0005,-0.0041,-0.0153,-0.0688,-0.0513,-0.0823,0.0307,126.0230,145.2904,stop,20.0000
2026-08-18,COO,9,89,PULLBACK,3.6013,76.2850,0.0015,-0.0425,-0.0918,-0.2841,-0.2667,-0.3313,0.0239,71.2025,77.2793,target,1.0000
2026-08-18,CLX,10,89,EXTENDED,5.8155,107.4750,-0.0096,-0.0237,-0.1164,-0.2104,-0.1930,-0.2111,0.0181,102.9617,114.2450,stop,7.0000
2026-08-18,TGT,11,88,EXTENDED,4.9227,153.7700,-0.0388,0.0631,0.0649,0.0059,0.0234,-0.0492,0.1104,148.1350,162.2225,stop,1.0000
2026-08-18,FAST,12,88,EXTENDED,4.3951,51.2700,0.0021,-0.0187,-0.0492,-0.0437,-0.0262,-0.0706,0.0172,49.4615,53.9827,stop,9.0000
2026-08-18,AME,13,88,PULLBACK,1.0899,249.9850,0.0095,-0.0329,-0.0747,-0.0712,-0.0537,-0.0815,0.0115,239.3163,259.2499,stop,2.0000
2026-08-18,NTRS,14,88,PULLBACK,3.7602,191.2650,0.0036,-0.0232,-0.0449,-0.0765,-0.0590,-0.0860,0.0059,178.6760,192.8204,stop,19.0000
2026-08-18,LYV,15,88,PULLBACK,0.8781,183.2900,-0.0088,0.0190,-0.0332,-0.0663,-0.0489,-0.0832,0.0309,174.7676,192.0849,stop,13.0000
2026-08-18,DRI,16,88,EXTENDED,7.2887,225.0000,-0.0203,-0.0204,-0.0420,-0.0752,-0.0577,-0.0808,0.0101,216.6489,237.5267,stop,7.0000
2026-08-18,NDSN,17,88,PULLBACK,1.1288,306.2100,-0.0065,0.0894,0.0267,0.0092,0.0266,-0.0107,0.1075,294.2173,315.6541,target,2.0000
2026-08-18,IVZ,18,88,EXTENDED,4.8998,32.3650,0.0134,0.0110,-0.0116,-0.0706,-0.0531,-0.0867,0.0400,31.0185,34.3848,stop,19.0000
2026-08-18,ABNB,19,86,EXTENDED,15.0837,184.4550,0.0030,0.0328,-0.0104,-0.0919,-0.0744,-0.1010,0.0488,175.5361,197.8334,stop,14.0000
2026-08-18,NTAP,20,86,EXTENDED,10.9943,204.8900,0.0062,-0.0852,-0.1061,-0.0654,-0.0479,-0.2142,0.0064,193.5791,221.8564,stop,2.0000
2026-08-19,FDX,1,96,EXTENDED,5.2399,336.2800,-0.0301,-0.0009,-0.0587,-0.0904,-0.0820,-0.1097,0.0135,324.3990,354.1015,stop,3.0000
2026-08-19,TRGP,2,96,EXTENDED,7.8291,293.0875,0.0236,0.0032,0.0013,-0.0274,-0.0190,-0.0409,0.0507,280.0211,312.6871,open,
2026-08-19,KMI,3,93,PULLBACK,0.8235,32.1400,0.0006,-0.0037,-0.0053,-0.0258,-0.0174,-0.0538,0.0174,30.8242,33.4575,stop,3.0000
2026-08-19,DVN,4,93,EXTENDED,8.8774,48.8201,0.0041,-0.0408,0.0043,-0.0021,0.0063,-0.0545,0.0590,46.8310,51.8037,stop,5.0000
2026-08-19,PCG,5,93,PULLBACK,2.0006,17.8700,-0.0134,0.0196,-0.2541,-0.2513,-0.2429,-0.2955,0.0302,16.8246,18.5619,stop,7.0000
2026-08-19,HPQ,6,93,EXTENDED,5.9841,30.1750,-0.0124,0.0114,0.0601,0.1486,0.1570,-0.1142,0.2007,28.2809,33.0161,stop,6.0000
2026-08-19,NWS,7,93,PULLBACK,3.6295,33.5200,-0.0092,0.0513,0.0266,-0.0045,0.0039,-0.0307,0.0668,30.9450,34.4476,target,2.0000
2026-08-19,HPE,8,89,PULLBACK,1.4939,52.9130,0.0083,0.0438,-0.0205,0.1536,0.1620,-0.1363,0.1746,47.3995,59.2361,stop,11.0000
2026-08-19,LYB,9,89,EXTENDED,9.3946,67.6600,-0.0142,-0.0745,-0.0161,-0.0504,-0.0420,-0.0913,0.0217,64.4246,72.5131,stop,4.0000
2026-08-19,MSI,10,88,EXTENDED,7.4033,481.2850,-0.0070,0.0125,-0.0049,-0.0449,-0.0365,-0.0497,0.0282,461.9886,510.2296,stop,13.0000
2026-08-19,OKE,11,88,EXTENDED,5.8620,96.4850,0.0058,-0.0164,-0.0049,-0.0338,-0.0254,-0.0555,0.0349,93.0089,101.6991,stop,2.0000
2026-08-19,EXPE,12,88,EXTENDED,9.4366,333.5700,-0.0207,-0.0004,-0.0765,-0.1470,-0.1386,-0.2163,0.0253,314.2235,362.5898,stop,9.0000
2026-08-19,BBY,13,88,EXTENDED,5.3043,90.1600,-0.0295,-0.0302,-0.0350,0.0488,0.0572,-0.1493,0.0631,85.9932,96.4102,stop,1.0000
2026-08-19,SOLV,14,88,EXTENDED,4.7768,89.0000,-0.0215,0.0284,0.0326,-0.0165,-0.0081,-0.0264,0.0580,84.8604,95.2094,open,
2026-08-19,MRK,15,86,EXTENDED,13.3866,149.7900,0.0066,0.0221,0.0124,-0.0176,-0.0092,-0.0499,0.0476,143.4980,159.2280,stop,18.0000
2026-08-19,TGT,16,86,EXTENDED,7.6753,159.5750,-0.0161,0.0280,0.0237,0.0016,0.0100,-0.0378,0.0700,152.5040,170.1815,target,3.0000
2026-08-19,WMB,17,85,PULLBACK,1.4936,73.4200,0.0001,0.0135,0.0237,-0.0219,-0.0135,-0.0520,0.0469,69.3949,76.7563,target,14.0000
2026-08-19,RSG,18,85,PULLBACK,3.9429,223.2950,-0.0107,-0.0050,-0.0035,-0.0195,-0.0111,-0.0248,0.0180,207.8543,225.2804,target,11.0000
2026-08-19,NTAP,19,85,EXTENDED,5.3821,198.2150,-0.0208,-0.0220,-0.0880,-0.0065,0.0019,-0.1878,0.0071,186.4873,215.8066,stop,3.0000
2026-08-19,WDAY,20,85,EXTENDED,15.9399,199.4700,-0.0092,-0.0437,0.0070,-0.0010,0.0074,-0.0799,0.0620,182.1682,225.4227,open,
2026-08-20,TGT,1,100,EXTENDED,5.9077,158.1800,0.0182,0.0490,0.0369,0.0001,0.0013,-0.0293,0.0795,150.8505,169.1743,target,2.0000
2026-08-20,LLY,2,96,EXTENDED,5.4025,1260.5500,-0.0226,-0.0670,-0.0801,-0.0854,-0.0842,-0.1168,0.0085,1199.0596,1352.7858,stop,4.0000
2026-08-20,PFE,3,96,EXTENDED,5.9644,27.6750,0.0034,0.0125,0.0410,-0.0005,0.0007,-0.0154,0.0555,26.7813,29.0156,target,8.0000
2026-08-20,MSI,4,96,EXTENDED,6.5447,482.8000,-0.0233,0.0077,-0.0219,-0.0500,-0.0488,-0.0571,0.0250,464.0387,510.9419,stop,12.0000
2026-08-20,TRGP,5,96,EXTENDED,11.0330,302.2800,0.0027,-0.0441,-0.0289,-0.0334,-0.0322,-0.0701,0.0187,289.1051,322.0424,stop,3.0000
2026-08-20,DXCM,6,96,EXTENDED,7.1045,90.2500,-0.0071,-0.0106,-0.0060,-0.0100,-0.0088,-0.0882,0.0259,86.0945,96.4832,stop,12.0000
2026-08-20,DVN,7,93,EXTENDED,9.5559,49.3100,0.0028,-0.0444,-0.0105,-0.0142,-0.0130,-0.0639,0.0485,47.2986,52.3271,stop,3.0000
2026-08-20,JKHY,8,93,EXTENDED,5.4303,164.0000,0.0088,0.0344,0.0266,-0.0558,-0.0546,-0.0754,0.0670,155.9739,176.0392,stop,17.0000
2026-08-20,NDSN,9,90,EXTENDED,7.1689,328.0550,0.0305,0.0085,-0.0322,-0.0503,-0.0491,-0.0671,0.0337,317.3331,344.1378,stop,8.0000
2026-08-20,PGR,10,89,PULLBACK,3.0943,219.5100,0.0080,-0.0085,0.0199,-0.0275,-0.0263,-0.0324,0.0271,204.5539,225.4729,open,
2026-08-20,LYB,11,89,EXTENDED,9.5147,67.9900,-0.0010,-0.0725,-0.0475,-0.0891,-0.0879,-0.0957,0.0168,64.7032,72.9202,stop,3.0000
2026-08-20,UNP,12,88,PULLBACK,2.9873,304.9550,0.0043,0.0089,-0.0518,-0.0839,-0.0827,-0.0861,0.0302,286.5584,310.4355,target,2.0000
2026-08-20,EQIX,13,88,PULLBACK,2.0964,1079.6650,0.0173,-0.0030,-0.0360,-0.0540,-0.0528,-0.0851,0.0194,1013.5189,1123.4610,stop,9.0000
2026-08-20,FCX,14,88,PULLBACK,3.7401,68.7600,0.0829,0.1405,0.0553,0.0404,0.0416,-0.0255,0.1670,62.3919,72.1146,target,1.0000
2026-08-20,NSC,15,88,PULLBACK,2.9875,349.4300,-0.0055,-0.0043,-0.0618,-0.1009,-0.0997,-0.1014,0.0188,328.7990,355.0352,target,4.0000
2026-08-20,OKE,16,88,EXTENDED,5.4465,96.2400,-0.0124,-0.0158,-0.0051,-0.0289,-0.0277,-0.0531,0.0375,92.7461,101.4808,stop,2.0000
2026-08-20,WAT,17,88,PULLBACK,3.7975,412.6100,-0.0290,0.0210,0.0023,0.0219,0.0231,-0.0476,0.0465,379.4586,424.5983,target,5.0000
2026-08-20,BBY,18,88,PULLBACK,1.7529,87.1750,-0.0077,-0.0415,0.0036,0.0651,0.0663,-0.1202,0.0995,81.4721,91.9749,stop,5.0000
2026-08-20,SOLV,19,88,PULLBACK,3.1461,88.0050,0.0032,0.0332,0.0504,0.0095,0.0107,-0.0168,0.0699,81.3236,91.3165,target,2.0000
2026-08-20,EIX,20,87,PULLBACK,2.6751,74.8350,-0.0029,-0.0154,-0.2477,-0.2609,-0.2597,-0.2985,0.0062,69.6070,77.8026,stop,6.0000
2026-08-21,TRGP,1,100,EXTENDED,9.8074,299.9650,-0.0126,-0.0405,-0.0331,,,-0.0629,-0.0016,286.8405,319.6518,stop,2.0000
2026-08-21,LLY,2,96,EXTENDED,5.3859,1263.0300,-0.0007,-0.0700,-0.0900,,,-0.1186,0.0013,1200.6655,1356.5769,stop,3.0000
2026-08-21,UNP,3,96,PULLBACK,3.3404,305.8750,0.0086,0.0050,-0.0531,,,-0.0888,0.0271,286.5511,310.1427,target,1.0000
2026-08-21,MSI,4,96,EXTENDED,5.5468,481.1350,-0.0001,0.0101,-0.0272,,,-0.0539,0.0285,462.1700,509.5825,stop,11.0000
2026-08-21,DXCM,5,96,EXTENDED,6.4137,90.6850,0.0178,0.0015,-0.0307,,,-0.0926,0.0210,86.6503,96.7371,stop,11.0000
2026-08-21,RVTY,6,96,EXTENDED,5.8125,122.1700,0.0108,0.0543,0.0659,,,-0.0104,0.2239,116.2157,131.1015,target,8.0000
2026-08-21,PGR,7,93,PULLBACK,3.1104,219.9000,0.0023,-0.0057,-0.0043,,,-0.0342,0.0252,205.1612,225.4245,target,9.0000
2026-08-21,DVN,8,93,EXTENDED,8.3706,48.9900,-0.0020,-0.0335,-0.0190,,,-0.0578,0.0553,47.0366,51.9202,stop,2.0000
2026-08-21,PCG,9,93,PULLBACK,1.0700,17.7100,-0.0040,-0.0627,-0.1925,,,-0.2891,0.0390,16.7842,18.6300,stop,5.0000
2026-08-21,JKHY,10,93,EXTENDED,6.3453,166.3175,-0.0029,0.0205,-0.0041,,,-0.0882,0.0521,158.4232,178.1590,stop,12.0000
2026-08-21,MRK,11,90,EXTENDED,14.3474,153.5400,-0.0184,-0.0338,-0.0209,,,-0.0731,0.0220,146.9276,163.4586,stop,5.0000
2026-08-21,A,12,90,EXTENDED,7.8409,157.0800,0.0003,-0.0206,-0.0396,,,-0.1008,0.0425,151.3059,165.7412,stop,7.0000
2026-08-21,NDSN,13,90,EXTENDED,7.9431,333.1050,-0.0044,-0.0256,-0.0443,,,-0.0813,0.0181,322.1066,349.6026,stop,6.0000
2026-08-21,CBOE,14,89,PULLBACK,2.9059,301.4000,0.0107,0.0300,-0.0100,,,-0.1211,0.0542,276.5080,317.4604,target,4.0000
2026-08-21,LYB,15,89,EXTENDED,10.1336,68.8500,-0.0360,-0.0752,-0.0774,,,-0.1070,-0.0198,65.6499,73.6501,stop,1.0000
2026-08-21,TMO,16,88,EXTENDED,5.1779,619.5600,0.0169,0.0042,-0.0093,,,-0.0399,0.0710,595.6693,655.3960,stop,13.0000
2026-08-21,FCX,17,88,EXTENDED,12.1819,75.2000,0.0424,0.0166,-0.0328,,,-0.1089,0.0670,70.6993,81.9511,stop,13.0000
2026-08-21,NSC,18,88,PULLBACK,3.1608,349.8300,0.0057,-0.0033,-0.0582,,,-0.1024,0.0176,328.6790,354.7603,target,3.0000
2026-08-21,OKE,19,88,PULLBACK,2.7879,93.7600,-0.0050,0.0107,0.0178,,,-0.0281,0.0650,87.6357,96.5890,target,6.0000
2026-08-21,FANG,20,88,EXTENDED,5.5859,210.7800,-0.0037,-0.0622,-0.0548,,,-0.0942,0.0120,202.0301,223.9048,stop,2.0000
2026-08-24,DE,1,100,EXTENDED,7.2715,658.5100,-0.0098,-0.0055,0.0337,,,-0.0627,0.0719,627.7059,704.7161,stop,1.0000
2026-08-24,TRGP,2,100,EXTENDED,6.8014,293.0650,-0.0067,0.0020,0.0042,,,-0.0409,0.0219,279.8012,312.9607,open,
2026-08-24,ECL,3,97,PULLBACK,1.3105,285.1800,0.0063,-0.0069,-0.0248,,,-0.0606,0.0356,272.7045,294.6708,target,2.0000
2026-08-24,LLY,4,96,PULLBACK,2.8205,1233.7550,0.0124,-0.0624,-0.0890,,,-0.0976,0.0251,1138.1792,1292.5094,stop,8.0000
2026-08-24,TMO,5,96,EXTENDED,4.9236,621.8400,0.0147,-0.0076,-0.0303,,,-0.0435,0.0671,598.0358,657.5463,stop,10.0000
2026-08-24,UNP,6,96,EXTENDED,4.1107,308.7606,-0.0026,-0.0262,-0.0658,,,-0.0974,0.0175,299.3448,322.8842,stop,6.0000
2026-08-24,PFE,7,96,EXTENDED,5.2413,27.8450,0.0027,0.0221,-0.0020,,,-0.0214,0.0490,26.9622,29.1691,target,8.0000
2026-08-24,MSI,8,96,EXTENDED,5.4297,483.7250,0.0007,0.0033,-0.0429,,,-0.0589,0.0230,465.3735,511.2522,stop,10.0000
2026-08-24,NSC,9,96,PULLBACK,3.6186,351.8700,0.0016,-0.0258,-0.0681,,,-0.1076,0.0117,329.4001,354.8548,target,2.0000
2026-08-24,PGR,10,93,EXTENDED,4.9786,224.3000,-0.0087,-0.0277,-0.0419,,,-0.0531,0.0051,216.1897,236.4654,stop,3.0000
2026-08-24,DVN,11,93,EXTENDED,6.4773,48.4200,-0.0266,0.0019,-0.0004,,,-0.0467,0.0677,46.5297,51.2555,stop,2.0000
2026-08-24,VTR,12,93,PULLBACK,1.1499,93.2650,0.0033,-0.0225,-0.0364,,,-0.0720,0.0132,88.9601,97.0718,stop,11.0000
2026-08-24,PCG,13,93,PULLBACK,2.2343,17.9250,0.0103,-0.2597,-0.1732,,,-0.2976,0.0265,16.7696,18.6787,stop,4.0000
2026-08-24,CF,14,93,EXTENDED,8.8924,131.9700,-0.0419,-0.0147,0.0179,,,-0.0741,0.0734,124.6886,142.8921,stop,2.0000
2026-08-24,APA,15,93,EXTENDED,8.1418,42.5300,-0.0270,0.0146,0.0240,,,-0.0487,0.1154,40.3685,45.7722,target,12.0000
2026-08-24,JKHY,16,93,EXTENDED,8.4098,170.4890,-0.0036,-0.0151,-0.0625,,,-0.1106,0.0264,162.5197,182.4430,stop,10.0000
2026-08-24,MRK,17,90,EXTENDED,10.4678,149.3000,0.0114,-0.0103,-0.0056,,,-0.0468,0.0510,142.8052,159.0421,stop,15.0000
2026-08-24,A,18,90,EXTENDED,6.2777,155.8600,-0.0126,-0.0148,-0.0578,,,-0.0937,0.0506,149.6136,165.2297,stop,6.0000
2026-08-24,NDSN,19,90,EXTENDED,7.4909,333.6100,0.0027,-0.0356,-0.0504,,,-0.0827,0.0165,322.5141,350.2538,stop,5.0000
2026-08-24,CBOE,20,89,EXTENDED,4.7481,307.7500,-0.0022,-0.0245,-0.0469,,,-0.1392,0.0325,291.6132,331.9551,stop,7.0000
2026-08-25,A,1,100,EXTENDED,4.7383,154.1900,-0.0113,-0.0276,-0.0612,,,-0.0839,0.0620,148.0219,163.4421,target,2.0000
2026-08-25,DE,2,97,PULLBACK,3.4281,634.1100,-0.0031,0.0662,0.0680,,,-0.0267,0.1132,582.2827,659.3072,target,5.0000
2026-08-25,TRGP,3,97,EXTENDED,5.8789,292.2150,-0.0272,0.0132,-0.0029,,,-0.0381,0.0249,279.0817,311.9149,open,
2026-08-25,LLY,4,96,EXTENDED,4.0848,1251.2000,-0.0137,-0.0729,-0.1015,,,-0.1102,-0.0123,1191.8616,1340.2075,stop,1.0000
2026-08-25,UNP,5,96,EXTENDED,4.0607,309.4500,-0.0023,-0.0608,-0.0799,,,-0.0994,0.0152,300.2917,323.1874,stop,4.0000
2026-08-25,MSI,6,96,EXTENDED,4.8843,483.3650,-0.0017,0.0163,-0.0486,,,-0.0582,0.0238,465.4668,510.2123,stop,9.0000
2026-08-25,NSC,7,96,PULLBACK,3.5078,352.2450,-0.0044,-0.0547,-0.0822,,,-0.1086,0.0106,330.5449,354.9521,target,1.0000
2026-08-25,TGT,8,96,EXTENDED,6.5287,163.2252,0.0028,0.0032,-0.0350,,,-0.0593,0.0239,155.3250,175.0756,stop,11.0000
2026-08-25,RVTY,9,96,EXTENDED,6.0929,124.0900,-0.0064,0.0201,-0.0019,,,-0.0257,0.2049,118.3445,132.7083,target,7.0000
2026-08-25,PGR,11,93,PULLBACK,3.3676,220.9100,0.0054,-0.0017,-0.0245,,,-0.0386,0.0206,205.8552,225.4997,open,
2026-08-25,SLB,12,93,PULLBACK,3.2168,53.7050,-0.0215,0.0641,0.0623,,,-0.0547,0.1258,49.8848,55.2510,target,2.0000
2026-08-25,ECL,13,93,PULLBACK,2.1248,287.8150,0.0092,-0.0263,-0.0542,,,-0.0692,0.0261,273.2072,294.7561,target,1.0000
2026-08-25,CTVA,14,93,EXTENDED,4.1840,82.5700,0.0065,0.0625,0.0264,,,-0.0311,0.1005,79.2595,87.5358,target,5.0000
2026-08-25,VTR,15,93,PULLBACK,1.8143,93.6600,0.0030,-0.0170,-0.0457,,,-0.0759,0.0090,88.8213,96.7456,stop,10.0000
2026-08-25,YUM,16,93,PULLBACK,3.8502,156.2050,-0.0012,-0.0267,-0.0707,,,-0.1405,-0.0001,143.9239,160.1485,stop,10.0000
2026-08-25,PCG,17,93,PULLBACK,3.3810,18.1550,0.0058,-0.2256,-0.2184,,,-0.3065,0.0135,16.8303,18.6577,stop,3.0000
2026-08-25,DLTR,18,93,PULLBACK,2.2172,132.9100,0.0077,-0.0090,-0.1092,,,-0.1616,0.0156,124.1258,138.8787,stop,2.0000
2026-08-25,AES,19,93,PULLBACK,0.0662,14.7450,-0.0010,0.0017,0.0051,,,-0.0024,0.0092,14.6568,14.8529,target,16.0000
2026-08-25,MRK,20,90,EXTENDED,12.6328,153.5250,0.0054,-0.0239,-0.0390,,,-0.0730,0.0108,147.0985,163.1648,stop,3.0000
2026-08-26,TRGP,1,100,EXTENDED,5.5720,292.5600,0.0011,0.0031,-0.0022,,,-0.0392,0.0237,279.0932,312.7603,open,
2026-08-26,A,2,100,EXTENDED,4.0915,153.9800,0.0349,-0.0168,-0.0705,,,-0.0827,0.0634,147.9636,163.0046,target,1.0000
2026-08-26,RVTY,3,100,EXTENDED,6.4533,125.1800,0.0108,0.0460,-0.0339,,,-0.0342,0.1944,119.5061,133.6909,target,13.0000
2026-08-26,DE,4,97,PULLBACK,2.8420,631.3900,-0.0041,0.1061,0.0737,,,-0.0225,0.1180,583.8259,659.1162,target,4.0000
2026-08-26,MSI,5,96,EXTENDED,4.7585,485.5825,-0.0004,-0.0137,-0.0447,,,-0.0625,0.0191,468.1913,511.6693,stop,7.0000
2026-08-26,PCG,6,96,PULLBACK,3.7290,18.2550,-0.0123,-0.2698,-0.2314,,,-0.3103,0.0052,16.8427,18.7328,stop,2.0000
2026-08-26,SJM,7,96,EXTENDED,6.7480,129.1400,0.0089,0.0178,-0.0625,,,-0.0743,0.0523,123.9107,136.9840,stop,8.0000
2026-08-26,BEN,8,96,PULLBACK,2.0325,34.8900,0.0037,-0.0539,-0.0353,,,-0.0808,0.0143,33.0541,35.9063,stop,4.0000
2026-08-26,SLB,9,93,PULLBACK,2.5801,53.5899,-0.0078,0.0847,0.0452,,,-0.0526,0.1282,49.9480,55.6830,target,1.0000
2026-08-26,ECL,10,93,PULLBACK,3.2360,291.4350,-0.0139,-0.0396,-0.0681,,,-0.0807,-0.0050,273.5650,295.4018,stop,9.0000
2026-08-26,CTVA,11,93,EXTENDED,5.6013,83.3400,-0.0155,0.0796,0.0138,,,-0.0401,0.0904,79.9980,88.3530,target,5.0000
2026-08-26,YUM,12,93,PULLBACK,2.9005,154.9350,-0.0147,-0.0237,-0.0713,,,-0.1334,0.0004,144.2907,159.9833,stop,9.0000
2026-08-26,DLTR,13,93,PULLBACK,1.6252,132.3950,-0.0936,-0.0037,-0.1037,,,-0.1584,0.0196,124.4901,138.9593,stop,1.0000
2026-08-26,MRNA,14,93,EXTENDED,71.0591,148.0700,-0.0263,0.0185,-0.0773,,,-0.1195,0.0938,125.2786,182.2571,open,
2026-08-26,FCX,15,90,EXTENDED,13.3428,79.0300,-0.0025,-0.0645,-0.0989,,,-0.1521,0.0102,74.7104,85.5094,stop,4.0000
2026-08-26,NDSN,16,90,EXTENDED,6.8251,335.3700,-0.0011,-0.0559,-0.0833,,,-0.0875,0.0065,324.7828,351.2508,stop,2.0000
2026-08-26,DHR,17,89,EXTENDED,5.1262,216.1650,-0.0064,-0.0289,-0.0723,,,-0.0790,0.0111,206.4657,230.7140,stop,5.0000
2026-08-26,PGR,18,89,EXTENDED,4.0639,222.5950,-0.0064,-0.0055,-0.0288,,,-0.0458,0.0128,214.9930,233.9980,stop,8.0000
2026-08-26,MCK,19,89,PULLBACK,3.4720,897.1050,-0.0087,0.0308,-0.0181,,,-0.0368,0.0366,827.7159,925.9317,target,5.0000
2026-08-26,CF,20,89,EXTENDED,4.8066,127.0890,-0.0168,0.0958,0.0631,,,-0.0385,0.1147,120.0145,137.7007,target,5.0000
2026-08-27,FCX,1,100,EXTENDED,11.2751,78.4200,0.0019,-0.0747,-0.0937,,,-0.1455,0.0040,74.1718,84.7922,stop,3.0000
2026-08-27,TGT,2,96,EXTENDED,6.9054,165.9300,0.0004,-0.0116,-0.0609,,,-0.0746,0.0008,158.1988,177.5267,stop,8.0000
2026-08-27,NDSN,3,96,EXTENDED,4.8010,330.8400,-0.0063,-0.0404,-0.0495,,,-0.0750,0.0096,320.1592,346.8612,stop,2.0000
2026-08-27,BEN,4,96,PULLBACK,1.5649,34.8200,0.0017,-0.0365,-0.0336,,,-0.0790,0.0109,33.1569,35.9734,stop,3.0000
2026-08-27,DE,5,93,PULLBACK,1.2029,622.6600,0.0062,0.1152,0.0852,,,-0.0088,0.1337,585.4782,659.9303,target,3.0000
2026-08-27,SLB,6,93,EXTENDED,4.6862,55.0100,-0.0036,0.0436,0.0191,,,-0.0771,0.0991,52.5793,58.6560,target,2.0000
2026-08-27,ECL,7,93,PULLBACK,1.1761,285.9100,0.0064,-0.0243,-0.0340,,,-0.0630,0.0143,273.8189,295.7379,stop,8.0000
2026-08-27,TRGP,8,93,PULLBACK,3.8555,288.9500,0.0026,0.0159,0.0045,,,-0.0272,0.0364,264.6074,298.6463,target,3.0000
2026-08-27,MRNA,9,93,EXTENDED,57.0925,142.7700,-0.0391,0.0427,0.0084,,,-0.0868,0.1344,120.2062,176.6157,open,
2026-08-27,A,10,90,EXTENDED,5.8809,157.6900,-0.0106,-0.0489,-0.0682,,,-0.1043,-0.0051,151.1157,167.5514,stop,3.0000
2026-08-27,SJM,11,90,EXTENDED,8.4692,131.8400,0.0008,-0.0253,-0.0812,,,-0.0933,0.0194,126.2353,140.2471,stop,6.0000
2026-08-27,MCK,12,89,PULLBACK,2.5662,890.5100,0.0051,0.0347,-0.0101,,,-0.0296,0.0443,829.9997,925.5742,target,4.0000
2026-08-27,ADSK,13,89,EXTENDED,8.6658,270.5800,-0.0348,-0.1222,-0.2150,,,-0.2375,-0.0132,256.0255,292.4117,stop,1.0000
2026-08-27,HAL,14,89,EXTENDED,5.2320,35.4900,0.0008,0.0507,0.0099,,,-0.0538,0.0724,33.9000,37.8751,target,5.0000
2026-08-27,CF,15,89,PULLBACK,3.7314,125.7100,0.0080,0.0963,0.0585,,,-0.0096,0.1269,113.9613,132.0280,target,2.0000
2026-08-27,FOX,16,89,EXTENDED,4.0796,60.4000,0.0017,0.0012,-0.0323,,,-0.0694,0.0238,57.9599,64.0602,stop,7.0000
2026-08-27,V,17,88,PULLBACK,3.0066,379.6600,0.0017,-0.0024,-0.0243,,,-0.0372,0.0106,358.3729,383.8870,open,
2026-08-27,MRK,18,88,EXTENDED,7.9115,149.5400,-0.0189,0.0187,-0.0375,,,-0.0483,0.0218,142.9338,159.4492,stop,12.0000
2026-08-27,COP,19,88,PULLBACK,2.8966,129.5200,0.0033,0.0479,0.0605,,,-0.0012,0.0934,121.1681,132.9328,target,2.0000
2026-08-27,FTNT,20,88,EXTENDED,8.0990,172.7800,-0.0012,-0.0950,-0.0967,,,-0.1214,0.0192,162.6492,187.9761,stop,3.0000
2026-08-28,A,1,97,PULLBACK,2.7621,153.8400,-0.0075,-0.0194,-0.0458,,,-0.0818,0.0198,143.0753,159.6495,stop,8.0000
2026-08-28,FTNT,2,96,PULLBACK,3.7257,166.0000,0.0036,-0.0585,0.0252,,,-0.0855,0.0608,149.5461,175.7747,target,13.0000
2026-08-28,TGT,3,96,EXTENDED,4.5044,163.1800,-0.0021,0.0077,-0.0275,,,-0.0590,0.0151,155.6368,174.4948,stop,8.0000
2026-08-28,CTVA,4,93,EXTENDED,6.4599,83.9000,0.0017,0.0472,-0.0162,,,-0.0465,0.0831,80.5555,88.9168,target,3.0000
2026-08-28,CRM,5,90,EXTENDED,25.7513,256.0000,-0.0063,0.0126,0.0134,,,-0.0760,0.0479,239.6076,280.5886,stop,14.0000
2026-08-28,SLB,6,90,EXTENDED,8.3037,57.3300,0.0150,0.0031,-0.0699,,,-0.1144,0.0546,54.7776,61.1586,stop,10.0000
2026-08-28,SJM,7,90,EXTENDED,8.2979,132.3400,-0.0046,-0.0473,-0.0834,,,-0.0967,0.0153,126.7820,140.6769,stop,5.0000
2026-08-28,HAL,8,89,EXTENDED,6.6564,36.1800,0.0310,0.0246,-0.0323,,,-0.0719,0.0520,34.5785,38.5822,stop,12.0000
2026-08-28,FDS,9,89,EXTENDED,7.1246,308.9800,-0.0059,-0.0227,-0.1037,,,-0.1719,0.0372,292.3900,333.8650,stop,6.0000
2026-08-28,FOX,10,89,EXTENDED,4.8178,61.3200,-0.0033,-0.0473,-0.0029,,,-0.0833,0.0015,58.8753,64.9870,stop,2.0000
2026-08-28,V,11,88,PULLBACK,3.3161,381.6000,-0.0007,-0.0171,-0.0166,,,-0.0421,0.0023,359.3793,384.3111,open,
2026-08-28,FCX,12,88,EXTENDED,7.4264,76.4500,0.0065,-0.0487,-0.0930,,,-0.1235,0.0286,72.2230,82.7905,stop,4.0000
2026-08-28,APD,13,88,PULLBACK,1.5927,308.0900,0.0061,-0.0221,-0.0680,,,-0.0872,0.0190,293.8966,317.3050,stop,8.0000
2026-08-28,WBD,14,88,PULLBACK,3.8478,28.7700,-0.0007,-0.0181,-0.0233,,,-0.0358,0.0010,27.0565,28.6752,target,1.0000
2026-08-28,STT,15,88,PULLBACK,2.3923,193.3300,0.0000,0.0048,-0.0267,,,-0.0666,0.0107,182.7427,197.9185,stop,11.0000
2026-08-28,NDAQ,16,88,PULLBACK,2.7161,99.3100,-0.0031,-0.0245,-0.0779,,,-0.1145,-0.0029,93.7901,101.0248,stop,8.0000
2026-08-28,XYZ,17,88,PULLBACK,2.5606,83.5700,-0.0118,-0.0097,-0.0488,,,-0.0932,0.0118,77.4168,87.5836,stop,3.0000
2026-08-28,IBKR,18,88,EXTENDED,4.4948,95.8400,-0.0035,-0.0336,-0.0531,,,-0.1135,0.0214,91.1306,102.9041,stop,2.0000
2026-08-28,RVTY,19,88,EXTENDED,7.9880,128.8000,-0.0113,0.0110,-0.0024,,,-0.0613,0.1609,123.1765,137.2352,stop,7.0000
2026-08-28,NWSA,20,88,EXTENDED,4.9759,30.9700,-0.0048,-0.0187,-0.0132,,,-0.0613,0.0113,29.8646,32.6281,stop,6.0000
2026-08-31,A,1,97,PULLBACK,2.7494,153.8200,-0.0018,-0.0453,-0.0231,,,-0.0817,0.0200,142.9506,159.8342,stop,7.0000
2026-08-31,CRWD,2,96,EXTENDED,10.4412,231.4950,-0.0151,-0.0928,0.0475,,,-0.1335,0.0813,213.9461,257.8183,stop,1.0000
2026-08-31,FTNT,3,96,EXTENDED,7.2383,171.9400,-0.0263,-0.0842,0.0025,,,-0.1171,0.0242,161.7775,187.1838,stop,1.0000
2026-08-31,NWSA,4,96,EXTENDED,4.2530,30.7450,-0.0057,-0.0301,-0.0099,,,-0.0545,0.0187,29.6503,32.3870,stop,5.0000
2026-08-31,FCX,5,93,EXTENDED,6.2143,75.5390,-0.0263,0.0143,-0.0815,,,-0.1129,0.0411,71.2150,82.0250,stop,7.0000
2026-08-31,TGT,6,93,PULLBACK,2.9220,160.5750,0.0073,0.0133,-0.0385,,,-0.0437,0.0316,148.2213,167.7087,open,
2026-08-31,CTVA,7,93,EXTENDED,7.3845,84.6700,0.0097,0.0145,-0.0151,,,-0.0552,0.0732,81.2430,89.8106,target,2.0000
2026-08-31,SLB,8,90,EXTENDED,13.2758,60.1200,-0.0020,-0.0502,-0.0985,,,-0.1555,0.0010,57.2785,64.3822,stop,1.0000
2026-08-31,SJM,9,90,EXTENDED,7.5235,131.3400,0.0066,-0.0509,-0.0734,,,-0.0898,0.0203,125.8008,139.6488,stop,5.0000
2026-08-31,HAL,10,89,EXTENDED,8.2040,36.7350,0.0083,0.0018,-0.0290,,,-0.0859,0.0361,35.0108,39.3212,stop,9.0000
2026-08-31,FDS,11,89,EXTENDED,8.7458,313.9250,-0.0094,-0.0794,-0.1173,,,-0.1849,0.0209,296.9423,339.3990,stop,5.0000
2026-08-31,V,12,88,PULLBACK,2.6881,379.1550,0.0013,-0.0277,-0.0093,,,-0.0360,0.0081,359.3652,384.0265,open,
2026-08-31,APD,13,88,PULLBACK,2.1184,309.7700,-0.0057,-0.0389,-0.0620,,,-0.0921,0.0066,293.4149,318.2376,stop,7.0000
2026-08-31,WBD,14,88,PULLBACK,3.0433,28.5350,0.0012,-0.0145,-0.0177,,,-0.0279,0.0082,27.0303,28.6851,target,2.0000
2026-08-31,IBKR,15,88,EXTENDED,5.9610,97.2600,-0.0270,-0.0647,-0.0870,,,-0.1265,-0.0243,92.4243,104.5135,stop,1.0000
2026-08-31,RVTY,16,88,EXTENDED,7.7778,128.5350,-0.0084,-0.0113,0.0907,,,-0.0594,0.1633,122.7568,137.2023,stop,6.0000
2026-08-31,NWS,17,88,PULLBACK,2.6031,34.4300,-0.0044,-0.0317,-0.0189,,,-0.0563,0.0145,32.2165,35.5665,open,
2026-08-31,CRM,18,86,EXTENDED,27.0255,258.7700,-0.0145,-0.0373,-0.0121,,,-0.0859,0.0367,242.8394,282.6658,stop,7.0000
2026-08-31,MRK,19,85,EXTENDED,6.2884,148.2500,0.0134,0.0014,-0.0301,,,-0.0400,0.0307,141.7343,158.0236,open,
2026-08-31,NEM,20,85,EXTENDED,5.6119,125.5231,-0.0285,0.0125,-0.0106,,,-0.0440,0.0413,118.4940,136.0668,open,
2026-09-01,CRWD,1,97,PULLBACK,2.0897,214.9650,-0.0035,-0.0333,0.1228,,,-0.0668,0.1645,191.4867,239.1818,target,8.0000
2026-09-01,CVX,2,96,EXTENDED,5.0581,209.8050,0.0033,0.0191,0.0083,,,-0.0128,0.0380,203.7650,218.8650,open,
2026-09-01,WELL,3,96,PULLBACK,2.6144,242.5400,-0.0076,-0.0274,-0.0331,,,-0.0599,0.0001,228.8865,247.5716,stop,12.0000
2026-09-01,SLB,4,96,EXTENDED,8.2811,57.9350,-0.0220,-0.0153,-0.0973,,,-0.1237,0.0246,55.0426,62.2737,stop,8.0000
2026-09-01,APD,5,96,PULLBACK,0.6906,306.0850,0.0003,-0.0354,-0.0621,,,-0.0812,0.0187,294.1739,318.7035,stop,5.0000
2026-09-01,NWSA,6,96,PULLBACK,3.6697,30.7150,-0.0005,-0.0360,-0.0171,,,-0.0536,0.0197,28.5668,31.2191,target,1.0000
2026-09-01,FTNT,7,93,PULLBACK,1.1799,162.1200,0.0004,-0.0302,0.0595,,,-0.0637,0.0862,149.6841,176.0476,target,11.0000
2026-09-01,WMB,8,93,PULLBACK,3.2178,75.1650,-0.0006,-0.0002,-0.0567,,,-0.0707,0.0226,69.5820,77.6814,open,
2026-09-01,DG,9,93,EXTENDED,5.8928,131.1700,0.0025,-0.0503,-0.0622,,,-0.0682,0.0226,124.8665,140.6252,stop,5.0000
2026-09-01,KHC,10,93,PULLBACK,2.1708,25.8750,0.0087,-0.0489,-0.0443,,,-0.0821,0.0218,24.2338,26.9624,stop,7.0000
2026-09-01,EG,11,93,PULLBACK,2.3675,379.9000,0.0008,-0.0317,-0.0056,,,-0.0479,0.0214,359.7000,388.2350,open,
2026-09-01,CRM,12,90,EXTENDED,22.3698,257.5700,0.0070,-0.0521,-0.0273,,,-0.0816,0.0415,241.7861,281.2459,stop,6.0000
2026-09-01,SJM,13,90,EXTENDED,7.5188,132.1100,-0.0022,-0.0666,-0.0647,,,-0.0951,0.0041,126.6527,140.2959,stop,3.0000
2026-09-01,CBOE,14,89,EXTENDED,4.5077,308.8500,-0.0123,-0.0550,-0.1244,,,-0.1423,-0.0083,293.1593,332.3860,stop,1.0000
2026-09-01,HAL,15,89,EXTENDED,7.5656,37.0050,-0.0136,0.0034,-0.0674,,,-0.0926,0.0285,35.4105,39.3967,stop,8.0000
2026-09-01,BG,16,89,EXTENDED,6.3689,119.5900,0.0051,0.0327,-0.0206,,,-0.0467,0.0659,113.4041,128.8688,open,
2026-09-01,AES,17,89,PULLBACK,0.3292,14.7800,-0.0020,0.0027,0.0020,,,-0.0020,0.0068,14.6569,14.8433,target,2.0000
2026-09-01,FDS,18,89,EXTENDED,8.1128,314.5000,-0.0414,-0.1123,-0.1211,,,-0.1864,0.0190,297.7899,339.5651,stop,4.0000
2026-09-01,DE,19,88,EXTENDED,7.6333,669.0150,0.0135,0.0122,0.0007,,,-0.0053,0.0551,637.6704,716.0320,open,
2026-09-01,PFE,20,88,EXTENDED,4.7830,28.6000,0.0066,-0.0287,-0.0399,,,-0.0472,0.0213,27.6782,29.9827,stop,5.0000
2026-09-02,NVDA,1,100,PULLBACK,2.7506,225.3700,0.0029,-0.0311,-0.0268,,,-0.0729,0.0417,207.9724,236.3839,open,
2026-09-02,SLB,2,100,EXTENDED,7.7576,58.0000,0.0029,-0.0343,-0.1021,,,-0.1247,0.0234,55.0080,62.4879,stop,7.0000
2026-09-02,HPQ,3,100,EXTENDED,8.0755,32.2400,-0.0167,0.0152,0.0751,,,-0.0419,0.1238,30.0872,35.4692,target,6.0000
2026-09-02,WFC,4,97,PULLBACK,2.6356,89.0600,0.0083,0.0044,-0.0244,,,-0.0367,0.0329,83.9616,90.9901,target,6.0000
2026-09-02,DE,5,96,EXTENDED,9.3540,683.7250,0.0286,-0.0085,0.0028,,,-0.0267,0.0324,652.7972,730.1166,open,
2026-09-02,APD,6,96,PULLBACK,1.5734,309.4800,0.0052,-0.0512,-0.0755,,,-0.0913,0.0072,294.8818,319.3923,stop,4.0000
2026-09-02,OKE,7,96,PULLBACK,3.0478,95.9298,0.0055,-0.0022,-0.0282,,,-0.0436,0.0351,89.2455,98.8630,target,4.0000
2026-09-02,CNC,8,96,PULLBACK,2.5262,67.1900,0.0046,-0.0266,-0.0013,,,-0.0801,0.0363,62.2158,70.5125,stop,4.0000
2026-09-02,RVTY,9,96,EXTENDED,7.7803,130.1700,0.0175,-0.0709,0.1272,,,-0.0712,0.1487,124.3211,138.9434,stop,4.0000
2026-09-02,NWSA,10,96,PULLBACK,3.4097,30.7450,0.0067,-0.0444,-0.0184,,,-0.0545,0.0102,28.6717,31.3206,open,
2026-09-02,WELL,11,93,PULLBACK,1.2465,239.6500,-0.0023,-0.0164,-0.0308,,,-0.0486,0.0122,229.5404,247.4382,stop,11.0000
2026-09-02,WMB,12,93,PULLBACK,2.1836,74.6750,0.0074,-0.0248,-0.0384,,,-0.0646,0.0293,69.9725,77.7394,stop,9.0000
2026-09-02,DG,13,93,EXTENDED,7.0492,132.9000,-0.0018,-0.0746,-0.0598,,,-0.0804,0.0065,126.7057,142.1915,stop,3.0000
2026-09-02,KHC,14,93,PULLBACK,3.8635,26.2850,-0.0074,-0.0721,-0.0592,,,-0.0964,-0.0070,24.2316,26.9207,stop,6.0000
2026-09-02,BG,15,93,EXTENDED,7.4999,122.2500,0.0047,0.0191,-0.0240,,,-0.0675,0.0427,115.9436,131.7096,stop,10.0000
2026-09-02,EG,16,93,PULLBACK,2.4046,380.5525,0.0048,-0.0250,-0.0011,,,-0.0495,0.0196,360.4392,388.3828,open,
2026-09-02,SJM,17,90,EXTENDED,7.1235,132.2900,-0.0197,-0.0848,-0.0646,,,-0.0964,-0.0171,127.0259,140.1861,stop,2.0000
2026-09-02,SPGI,18,89,PULLBACK,2.4404,433.4850,0.0123,-0.0532,-0.0678,,,-0.0753,0.0396,406.0218,448.8629,target,1.0000
2026-09-02,AJG,19,89,PULLBACK,2.6116,264.1300,0.0064,-0.0788,-0.0860,,,-0.0961,0.0270,246.2256,274.1803,stop,4.0000
2026-09-02,HAL,20,89,EXTENDED,8.4576,37.6150,-0.0012,-0.0411,-0.0953,,,-0.1073,0.0118,35.9873,40.0566,stop,5.0000
2026-09-03,DE,1,100,EXTENDED,9.9594,692.7550,-0.0010,-0.0246,-0.0127,,,-0.0394,0.0140,661.2110,740.0711,open,
2026-09-03,DELL,2,100,EXTENDED,11.3269,514.9116,-0.0022,0.1017,0.1032,,,-0.0168,0.1565,465.9267,588.3890,target,9.0000
2026-09-03,SLB,3,100,EXTENDED,5.8261,57.6850,-0.0119,-0.0282,-0.1138,,,-0.1199,0.0271,54.8315,61.9652,stop,6.0000
2026-09-03,CF,4,100,EXTENDED,10.7017,138.2475,-0.0204,-0.0375,-0.0763,,,-0.0777,0.0247,130.3537,150.0881,stop,6.0000
2026-09-03,WFC,5,97,PULLBACK,2.7814,89.1500,-0.0045,0.0128,-0.0340,,,-0.0377,0.0319,84.0504,90.7682,target,5.0000
2026-09-03,NVDA,6,96,EXTENDED,4.6045,229.9600,0.0049,-0.0507,-0.0334,,,-0.0915,0.0209,218.8104,246.6844,stop,4.0000
2026-09-03,VRTX,7,96,EXTENDED,4.3722,556.6450,-0.0128,-0.0740,-0.0868,,,-0.0928,0.0006,536.6872,586.5818,stop,2.0000
2026-09-03,OKE,8,96,PULLBACK,3.1936,96.5500,-0.0171,0.0007,-0.0320,,,-0.0497,0.0285,89.7787,99.2369,target,3.0000
2026-09-03,CTVA,9,96,EXTENDED,10.6006,89.0700,-0.0161,-0.0580,-0.0959,,,-0.1018,0.0007,85.4120,94.5570,stop,2.0000
2026-09-03,BIIB,10,96,EXTENDED,4.2649,224.2900,-0.0140,-0.0318,-0.0392,,,-0.0685,-0.0021,215.3326,237.7261,stop,2.0000
2026-09-03,CNC,11,96,EXTENDED,4.4795,68.5600,-0.0261,-0.0312,-0.0503,,,-0.0985,0.0156,65.2155,73.5767,stop,2.0000
2026-09-03,PFG,12,96,EXTENDED,5.4564,118.9000,-0.0157,-0.0230,-0.0103,,,-0.0479,0.0013,114.7593,125.1110,stop,2.0000
2026-09-03,EG,13,96,PULLBACK,3.9570,387.3100,-0.0161,-0.0403,-0.0322,,,-0.0661,-0.0061,361.2163,389.5942,open,
2026-09-03,RVTY,14,96,EXTENDED,6.9539,130.0150,0.0001,-0.0439,0.1033,,,-0.0701,0.1500,123.9579,139.1006,stop,3.0000
2026-09-03,NWSA,15,96,PULLBACK,3.5315,30.8700,-0.0026,-0.0463,-0.0353,,,-0.0583,0.0006,28.7802,31.3722,open,
2026-09-03,CRWD,16,93,PULLBACK,0.7996,212.1700,0.0016,-0.0256,0.1201,,,-0.0372,0.1798,191.3537,239.1870,target,6.0000
2026-09-03,WELL,17,93,PULLBACK,1.5161,240.3500,-0.0042,-0.0197,-0.0478,,,-0.0514,0.0044,229.3613,247.8593,stop,10.0000
2026-09-03,WMB,18,93,PULLBACK,2.9525,75.3450,-0.0196,-0.0331,-0.0437,,,-0.0729,0.0201,70.1045,77.8038,stop,8.0000
2026-09-03,KMI,19,93,PULLBACK,0.8283,32.0450,-0.0189,-0.0370,-0.0064,,,-0.0510,0.0089,30.6747,33.4424,stop,6.0000
2026-09-03,ADM,20,93,EXTENDED,4.0791,83.9700,-0.0036,0.0327,0.0144,,,-0.0114,0.0569,80.0214,89.8928,open,
2026-09-04,DE,1,100,EXTENDED,9.7082,696.2500,-0.0130,-0.0212,,,,-0.0442,-0.0051,666.3428,741.1108,stop,7.0000
2026-09-04,DELL,2,100,EXTENDED,13.0681,527.2000,-0.0115,0.0134,,,,-0.0397,0.1296,479.0690,599.3965,open,
2026-09-04,WFC,3,97,PULLBACK,3.1362,89.5800,0.0007,-0.0097,,,,-0.0423,0.0269,84.2178,90.8132,target,4.0000
2026-09-04,SLB,4,97,EXTENDED,4.1082,57.0750,0.0129,-0.0658,,,,-0.1105,0.0381,54.2622,61.2942,stop,5.0000
2026-09-04,CVX,5,96,PULLBACK,2.8841,209.1300,0.0101,0.0145,,,,-0.0087,0.0414,197.3724,212.1101,target,1.0000
2026-09-04,OKE,6,96,PULLBACK,0.7603,95.0099,0.0115,0.0206,,,,-0.0343,0.0452,90.6831,99.7078,open,
2026-09-04,CTVA,7,96,EXTENDED,7.9466,87.8850,0.0042,-0.0608,,,,-0.0897,0.0142,84.3926,93.1236,stop,3.0000
2026-09-04,ADM,8,96,EXTENDED,4.5117,84.9900,0.0060,0.0171,,,,-0.0133,0.0442,81.0739,90.8641,open,
2026-09-04,BIIB,9,96,PULLBACK,2.3622,220.8700,-0.0245,-0.0159,,,,-0.0541,0.0062,206.9529,229.0032,open,
2026-09-04,CNC,10,96,PULLBACK,2.9157,67.6300,-0.0217,0.0263,,,,-0.0861,0.0296,62.5101,70.5198,stop,2.0000
2026-09-04,PFG,11,96,PULLBACK,3.6394,116.8000,-0.0085,0.0009,,,,-0.0308,0.0193,108.6199,118.8163,target,7.0000
2026-09-04,BBY,12,96,EXTENDED,5.8943,90.4300,-0.0070,0.0487,,,,-0.0405,0.0599,85.2855,98.1467,open,
2026-09-04,EG,13,96,PULLBACK,2.4953,382.1800,-0.0189,-0.0069,,,,-0.0536,0.0023,361.7025,389.6350,stop,2.0000
2026-09-04,RVTY,14,96,EXTENDED,6.2775,130.8600,-0.0180,-0.0181,,,,-0.0761,0.1426,125.1552,139.4172,stop,2.0000
2026-09-04,C,15,93,PULLBACK,2.1475,137.6650,-0.0035,-0.0108,,,,-0.0534,0.0262,130.3211,141.4453,stop,8.0000
2026-09-04,CRWD,16,93,PULLBACK,1.3569,213.4350,-0.0168,0.1028,,,,-0.0429,0.1728,191.9915,238.4571,target,5.0000
2026-09-04,MCK,17,93,PULLBACK,3.2839,912.8834,-0.0235,-0.0021,,,,-0.0534,-0.0010,849.6641,935.1493,open,
2026-09-04,WMB,18,93,PULLBACK,0.2376,73.5498,0.0162,-0.0218,,,,-0.0503,0.0450,70.4351,77.7861,stop,7.0000
2026-09-04,TFC,19,93,PULLBACK,1.0217,51.7850,-0.0074,-0.0325,,,,-0.0800,-0.0028,49.8421,53.3899,stop,3.0000
2026-09-04,DG,20,93,EXTENDED,6.8364,132.8500,-0.0029,-0.0277,,,,-0.0800,-0.0008,126.8689,141.8217,stop,1.0000
2026-09-07,DELL,1,100,EXTENDED,12.4488,524.1400,-0.0057,0.0193,,,,-0.0341,0.1362,475.9930,596.3606,open,
2026-09-07,SLB,2,100,EXTENDED,4.8601,57.5100,0.0052,-0.0729,,,,-0.1172,0.0303,54.6822,61.7517,stop,5.0000
2026-09-07,WFC,3,97,PULLBACK,3.5620,89.9700,-0.0037,-0.0140,,,,-0.0465,0.0225,84.2084,90.8761,target,4.0000
2026-09-07,CVX,4,96,PULLBACK,2.6368,208.6000,0.0127,0.0171,,,,-0.0062,0.0440,197.3459,212.0836,target,1.0000
2026-09-07,DE,5,96,EXTENDED,9.3030,693.5300,-0.0091,-0.0174,,,,-0.0405,-0.0012,663.6169,738.3997,open,
2026-09-07,OKE,6,96,PULLBACK,1.1833,95.4300,0.0070,0.0161,,,,-0.0386,0.0406,90.7041,99.7288,open,
2026-09-07,CTVA,7,96,EXTENDED,7.9176,87.8600,0.0044,-0.0606,,,,-0.0895,0.0145,84.3676,93.0986,stop,3.0000
2026-09-07,ADM,8,96,EXTENDED,4.0688,84.6100,0.0105,0.0216,,,,-0.0089,0.0489,80.6934,90.4849,open,
2026-09-07,BIIB,9,96,PULLBACK,2.3446,220.8300,-0.0244,-0.0157,,,,-0.0539,0.0064,206.9509,229.0012,open,
2026-09-07,CNC,10,96,PULLBACK,2.0637,67.0400,-0.0131,0.0354,,,,-0.0780,0.0386,62.4806,70.4903,stop,2.0000
2026-09-07,PFG,11,96,PULLBACK,3.5384,116.6800,-0.0075,0.0019,,,,-0.0298,0.0204,108.6139,118.8103,target,7.0000
2026-09-07,BBY,12,96,EXTENDED,5.7168,90.2700,-0.0052,0.0505,,,,-0.0388,0.0618,85.0891,98.0413,open,
2026-09-07,RVTY,13,96,EXTENDED,5.7852,130.2200,-0.0132,-0.0133,,,,-0.0716,0.1482,124.5120,138.7821,stop,2.0000
2026-09-07,C,14,93,PULLBACK,2.1863,137.7200,-0.0039,-0.0112,,,,-0.0538,0.0258,130.3238,141.4480,stop,8.0000
2026-09-07,CRWD,15,93,PULLBACK,1.2058,213.1000,-0.0153,0.1046,,,,-0.0414,0.1747,191.9748,238.4404,target,5.0000
2026-09-07,MCK,16,93,PULLBACK,2.7587,907.9900,-0.0182,0.0033,,,,-0.0483,0.0044,849.4191,934.9051,open,
2026-09-07,WMB,17,93,PULLBACK,1.0142,74.1500,0.0080,-0.0297,,,,-0.0580,0.0365,70.4554,77.8306,stop,7.0000
2026-09-07,DG,18,93,EXTENDED,7.1104,133.2100,-0.0056,-0.0303,,,,-0.0825,-0.0035,127.1828,142.2508,stop,1.0000
2026-09-07,CF,19,93,EXTENDED,5.9923,133.3500,0.0053,-0.0158,,,,-0.0438,0.0623,125.3550,145.3424,open,
2026-09-07,EG,20,93,PULLBACK,2.1620,380.8700,-0.0156,-0.0035,,,,-0.0503,0.0057,361.6209,389.5936,open,
2026-09-08,DE,1,100,EXTENDED,6.9817,682.7300,-0.0021,0.0019,,,,-0.0253,0.0146,653.6035,726.4197,open,
2026-09-08,DELL,2,100,EXTENDED,13.2850,532.2504,0.0117,0.0212,,,,-0.0488,0.1189,485.6225,602.1924,open,
2026-09-08,WFC,3,97,PULLBACK,2.1564,88.8150,-0.0141,0.0102,,,,-0.0341,0.0357,84.3019,90.8978,target,3.0000
2026-09-08,PFG,4,96,PULLBACK,2.3472,115.4200,-0.0033,0.0256,,,,-0.0192,0.0315,108.7913,118.7455,target,6.0000
2026-09-08,BBY,5,96,PULLBACK,3.6862,88.8700,0.0071,0.0492,,,,-0.0236,0.0785,80.6214,93.3442,target,4.0000
2026-09-08,RVTY,6,96,PULLBACK,3.6852,128.2700,-0.0195,0.0929,,,,-0.0575,0.1657,118.0539,132.1967,target,5.0000
2026-09-08,C,7,93,PULLBACK,2.1549,137.8100,-0.0168,-0.0119,,,,-0.0544,0.0251,130.5328,141.4584,stop,7.0000
2026-09-08,SLB,8,93,EXTENDED,4.0537,57.2800,0.0093,-0.0538,,,,-0.1137,0.0344,54.4945,61.4582,stop,4.0000
2026-09-08,CTVA,9,93,EXTENDED,4.7232,85.7450,0.0076,-0.0275,,,,-0.0670,0.0089,82.0574,91.2764,stop,5.0000
2026-09-08,CF,10,93,EXTENDED,6.3336,134.4700,0.0254,0.0080,,,,-0.0518,0.0535,126.6721,146.1668,open,
2026-09-08,SPGI,11,89,PULLBACK,0.1188,430.2200,-0.0052,-0.0411,,,,-0.0683,0.0033,411.5867,456.8937,stop,2.0000
2026-09-08,DG,12,89,PULLBACK,2.4472,127.6800,0.0024,-0.0233,,,,-0.0428,0.0241,118.2940,134.1340,open,
2026-09-08,NVDA,13,88,PULLBACK,2.4666,225.9405,-0.0029,-0.0609,,,,-0.0753,0.0011,209.3373,237.2478,stop,4.0000
2026-09-08,OKE,14,88,PULLBACK,2.4660,96.9800,0.0202,-0.0233,,,,-0.0539,0.0239,91.0068,100.1048,open,
2026-09-08,HUM,15,88,EXTENDED,5.0715,408.7850,0.0197,-0.0298,,,,-0.0703,0.0274,389.0295,438.4183,stop,1.0000
2026-09-08,AAPL,16,85,PULLBACK,0.8100,316.0700,-0.0018,0.0483,,,,-0.0195,0.0709,302.3067,330.3661,target,3.0000
2026-09-08,APH,17,85,PULLBACK,2.3266,82.8500,-0.0226,-0.0628,,,,-0.0737,0.0197,76.7935,87.2254,stop,6.0000
2026-09-08,WMB,18,85,PULLBACK,2.2179,75.2050,0.0179,-0.0475,,,,-0.0712,0.0220,70.5821,78.0599,stop,6.0000
2026-09-08,ELV,19,85,PULLBACK,1.0982,404.2600,-0.0018,0.0329,,,,-0.0318,0.0567,385.4584,421.4836,target,2.0000
2026-09-08,RSG,20,85,PULLBACK,0.8427,221.6800,0.0009,0.0061,,,,-0.0235,0.0254,214.0139,228.5479,open,
2026-09-09,DELL,1,100,EXTENDED,14.4548,543.7200,-0.0366,0.0360,,,,-0.0689,0.0953,496.8072,614.0891,open,
2026-09-09,HPE,2,97,EXTENDED,6.3413,58.1400,-0.0058,-0.0251,,,,-0.0537,0.0690,53.3925,65.2613,open,
2026-09-09,DE,3,96,EXTENDED,5.2549,674.5850,0.0007,-0.0076,,,,-0.0135,0.0268,645.8540,717.6816,open,
2026-09-09,CF,4,96,EXTENDED,8.0956,137.7700,0.0171,-0.0420,,,,-0.0745,0.0282,129.9752,149.4621,stop,7.0000
2026-09-09,BBY,5,96,PULLBACK,3.6854,89.2000,-0.0225,0.0364,,,,-0.0272,0.0746,81.0605,93.4830,target,3.0000
2026-09-09,WFC,6,93,PULLBACK,3.0272,89.6409,0.0001,-0.0289,,,,-0.0430,0.0262,84.2299,91.1728,target,4.0000
2026-09-09,C,7,93,PULLBACK,2.3291,138.1100,-0.0041,-0.0374,,,,-0.0565,0.0229,130.4076,141.8049,stop,6.0000
2026-09-09,LITE,8,93,EXTENDED,11.7539,1007.4400,-0.0476,-0.0874,,,,-0.1740,-0.0128,903.9880,1162.6180,stop,3.0000
2026-09-09,CTVA,9,93,PULLBACK,3.9294,85.5900,-0.0064,-0.0535,,,,-0.0653,0.0063,78.7862,87.7056,open,
2026-09-09,PFG,10,93,PULLBACK,0.4975,113.3300,0.0080,0.0292,,,,0.0079,0.0506,108.8610,118.6311,target,5.0000
2026-09-09,BG,11,93,EXTENDED,6.7441,123.8200,0.0223,-0.0540,,,,-0.0793,0.0295,117.2923,133.6115,stop,5.0000
2026-09-09,AMD,12,89,EXTENDED,8.9868,522.5000,-0.0257,-0.0191,,,,-0.0807,0.0716,487.6709,574.7436,stop,3.0000
2026-09-09,SLB,13,88,EXTENDED,4.4781,57.7150,-0.0044,-0.0938,,,,-0.1203,-0.0027,54.8971,61.9418,stop,3.0000
2026-09-09,ADM,14,88,EXTENDED,5.1029,85.9500,0.0239,-0.0111,,,,-0.0199,0.0326,81.9881,91.8929,open,
2026-09-09,NVDA,15,85,PULLBACK,1.5687,224.2950,-0.0168,-0.0463,,,,-0.0685,-0.0070,210.1172,236.9010,stop,3.0000
2026-09-09,APH,16,85,PULLBACK,0.3769,81.0900,-0.0134,-0.0472,,,,-0.0536,0.0418,76.6873,86.9327,open,
2026-09-09,WMB,17,85,PULLBACK,2.1734,75.3600,-0.0057,-0.0592,,,,-0.0731,-0.0012,70.6710,78.3859,stop,5.0000
2026-09-09,HUM,18,85,PULLBACK,2.7552,400.9250,0.0048,-0.0404,,,,-0.0521,0.0370,368.2528,423.0576,open,
2026-09-09,CVX,19,82,EXTENDED,4.2873,213.6150,0.0177,-0.0097,,,,-0.0295,0.0195,207.4763,222.8231,stop,7.0000
2026-09-09,OKE,20,82,PULLBACK,0.8476,95.6850,0.0103,-0.0312,,,,-0.0411,0.0351,91.0478,100.6301,open,
2026-09-10,ADM,1,96,EXTENDED,6.1194,87.2100,-0.0041,0.0101,,,,-0.0341,0.0174,83.2771,93.1093,open,
2026-09-10,AAPL,2,93,PULLBACK,3.1853,325.2500,0.0068,0.0361,,,,0.0032,0.0407,303.4696,332.8194,target,1.0000
2026-09-10,C,3,93,PULLBACK,2.2364,137.9900,0.0154,-0.0383,,,,-0.0557,0.0238,130.4957,141.6852,stop,5.0000
2026-09-10,DELL,4,93,EXTENDED,8.5239,516.8400,0.0024,0.1385,,,,0.0013,0.1522,470.7674,585.9489,target,5.0000
2026-09-10,PFG,5,93,PULLBACK,1.4963,114.5300,0.0101,0.0123,,,,-0.0003,0.0396,109.0726,118.4949,target,4.0000
2026-09-10,BG,6,93,EXTENDED,7.8130,125.8000,-0.0116,-0.0516,,,,-0.0938,0.0002,119.2864,135.5705,stop,4.0000
2026-09-10,META,7,89,EXTENDED,11.2849,650.0100,0.0054,0.0497,,,,-0.0059,0.0618,617.8864,698.1954,open,
2026-09-10,AMD,8,89,EXTENDED,5.3712,506.3250,0.0087,0.0766,,,,-0.0513,0.1058,472.0701,557.7073,target,6.0000
2026-09-10,HPE,9,89,PULLBACK,2.3395,55.8400,0.0095,0.0931,,,,-0.0147,0.1130,49.7503,61.7832,target,1.0000
2026-09-10,LITE,10,89,EXTENDED,4.4319,940.9100,0.0050,-0.0503,,,,-0.1156,0.0346,838.6471,1094.3043,stop,2.0000
2026-09-10,DE,11,88,EXTENDED,4.7095,674.0700,0.0176,0.0171,,,,-0.0128,0.0276,646.1694,715.9209,open,
2026-09-10,ELV,12,88,EXTENDED,4.2928,418.2500,0.0042,-0.0095,,,,-0.0284,0.0213,401.3531,443.5954,open,
2026-09-10,CF,13,88,EXTENDED,5.6879,135.5400,-0.0217,-0.0127,,,,-0.0592,0.0148,127.5729,147.4906,stop,6.0000
2026-09-10,WFC,14,85,PULLBACK,2.2629,88.9800,0.0198,-0.0235,,,,-0.0359,0.0338,84.2775,91.1113,target,1.0000
2026-09-10,CTVA,15,85,PULLBACK,2.6521,84.9800,-0.0080,-0.0406,,,,-0.0586,0.0025,79.2137,88.1407,open,
2026-09-10,CVX,16,82,PULLBACK,3.7680,213.4350,-0.0066,-0.0087,,,,-0.0287,0.0204,199.3352,215.2091,target,1.0000
2026-09-10,AWK,17,82,PULLBACK,1.9668,140.8600,-0.0028,-0.0186,,,,-0.0385,0.0006,133.9765,144.3928,open,
2026-09-10,HPQ,18,82,EXTENDED,7.4146,32.9250,0.0008,0.0527,,,,-0.0111,0.1004,30.7603,36.1721,target,1.0000
2026-09-10,INTC,19,81,EXTENDED,7.0047,101.3800,0.0108,0.0732,,,,-0.0677,0.0985,93.1501,113.7249,open,
2026-09-10,QCOM,20,81,EXTENDED,8.5129,180.3100,-0.0114,0.0466,,,,-0.0544,0.0655,169.7653,196.1271,open,
2026-09-11,AAPL,1,100,EXTENDED,5.2954,333.4550,0.0040,0.0080,,,,-0.0153,0.0151,321.3853,351.5595,open,
2026-09-11,ELV,2,96,PULLBACK,3.4618,415.7350,0.0164,-0.0115,,,,-0.0225,0.0275,384.9755,427.0986,target,1.0000
2026-09-11,DVN,3,93,PULLBACK,3.1131,49.7451,0.0288,-0.0228,,,,-0.0401,0.0393,46.4428,50.9439,target,1.0000
2026-09-11,FFIV,4,93,EXTENDED,4.7344,412.9400,-0.0162,0.0462,,,,-0.0193,0.0651,393.0000,442.8500,open,
2026-09-11,BG,5,93,EXTENDED,4.9895,122.9800,0.0071,-0.0602,,,,-0.0730,0.0231,116.6906,132.4142,stop,3.0000
2026-09-11,META,6,89,EXTENDED,10.8049,649.9400,0.0121,0.0243,,,,-0.0011,0.0619,617.8886,698.0171,open,
2026-09-11,AMD,7,89,EXTENDED,6.9670,515.5900,-0.0568,0.0858,,,,-0.0684,0.0860,481.6274,566.5340,stop,1.0000
2026-09-11,LITE,8,89,PULLBACK,3.2929,933.1000,-0.0774,-0.0023,,,,-0.1082,0.0198,801.8286,1055.6414,open,
2026-09-11,CVX,9,88,PULLBACK,3.6743,214.0550,0.0138,-0.0212,,,,-0.0315,0.0174,200.2449,215.8046,target,1.0000
2026-09-11,DELL,10,88,EXTENDED,16.7213,559.0500,-0.0366,0.0161,,,,-0.0594,0.0652,509.0272,634.0842,open,
2026-09-11,OKE,11,88,PULLBACK,1.7881,96.9700,0.0065,-0.0362,,,,-0.0538,0.0213,91.6067,100.7562,open,
2026-09-11,ADM,12,88,EXTENDED,5.8397,87.3450,0.0003,-0.0248,,,,-0.0355,0.0159,83.5039,93.1066,open,
2026-09-11,PFG,13,88,PULLBACK,2.6972,115.9600,0.0000,0.0147,,,,-0.0110,0.0267,109.2425,118.4225,target,2.0000
2026-09-11,SYY,14,87,PULLBACK,2.6515,84.4650,-0.0017,-0.0641,,,,-0.0722,0.0021,79.7466,86.0882,stop,2.0000
2026-09-11,WST,15,87,PULLBACK,1.5569,351.0100,-0.0030,0.0322,,,,-0.0167,0.0560,333.9740,363.1114,target,2.0000
2026-09-11,SWKS,16,86,EXTENDED,27.7109,90.6000,-0.0501,-0.0203,,,,-0.1276,0.0160,84.6866,99.4700,stop,1.0000
2026-09-11,WFC,17,85,PULLBACK,3.8664,90.5250,-0.0039,-0.0487,,,,-0.0523,0.0162,84.4313,91.2411,target,2.0000
2026-09-11,HPE,18,85,EXTENDED,11.4623,60.8400,-0.0860,-0.0013,,,,-0.0957,0.0214,55.6136,68.6796,stop,1.0000
2026-09-11,CF,19,85,PULLBACK,3.5466,133.6300,0.0204,-0.0444,,,,-0.0458,0.0293,121.1057,140.9740,open,
2026-09-11,HUM,20,82,EXTENDED,4.0251,407.6300,0.0034,-0.0525,,,,-0.0677,0.0200,386.2915,439.6377,stop,3.0000
2026-09-14,AAPL,1,100,EXTENDED,5.1617,334.4701,-0.0129,,,,,-0.0183,0.0120,322.8168,351.9500,open,
2026-09-14,CRWD,2,96,EXTENDED,13.3799,236.3800,-0.0143,,,,,-0.0181,0.0590,217.1121,265.2818,open,
2026-09-14,DELL,3,96,EXTENDED,12.7555,543.4900,-0.0036,,,,,-0.0083,0.0957,492.6002,619.8246,open,
2026-09-14,ELV,4,96,EXTENDED,5.5867,425.7750,-0.0065,,,,,-0.0456,-0.0052,408.9771,450.9718,stop,4.0000
2026-09-14,VRSN,5,96,PULLBACK,3.7625,298.1250,-0.0094,,,,,-0.0154,0.0304,275.4765,305.0721,target,4.0000
2026-09-14,DVN,6,93,PULLBACK,2.4315,49.6350,0.0082,,,,,-0.0380,0.0388,46.5455,51.3236,target,1.0000
2026-09-14,SYY,7,93,PULLBACK,2.0555,83.9600,-0.0219,,,,,-0.0666,-0.0219,79.7593,86.0335,stop,1.0000
2026-09-14,HPQ,8,93,EXTENDED,10.7168,34.3950,-0.0185,,,,,-0.0534,0.0220,31.9584,38.0498,open,
2026-09-14,SWKS,9,93,EXTENDED,14.2145,81.5800,-0.0127,,,,,-0.0264,0.1283,75.1092,91.2862,target,3.0000
2026-09-14,AMD,10,89,PULLBACK,3.1360,496.2150,0.0111,,,,,0.0026,0.1284,445.7543,534.1855,target,3.0000
2026-09-14,HPE,11,89,PULLBACK,3.4023,56.3850,-0.0114,,,,,-0.0242,0.1021,48.9036,62.9689,open,
2026-09-14,BG,12,89,PULLBACK,2.2880,120.1150,0.0055,,,,,-0.0509,0.0273,110.8886,127.2377,open,
2026-09-14,CVX,13,88,PULLBACK,2.3263,211.8800,0.0048,,,,,-0.0216,0.0278,200.6123,216.7391,target,1.0000
2026-09-14,ADM,14,88,EXTENDED,4.0373,86.1200,-0.0013,,,,,-0.0218,0.0250,82.2471,91.9294,open,
2026-09-14,PFG,15,88,PULLBACK,2.8830,116.3000,0.0041,,,,,-0.0139,0.0237,109.3987,118.5044,target,2.0000
2026-09-14,EBAY,16,87,EXTENDED,4.1131,109.0150,0.0028,,,,,-0.0271,0.0423,103.9251,116.6498,open,
2026-09-14,PM,17,85,PULLBACK,2.7451,194.2000,-0.0066,,,,,-0.0393,0.0066,181.9137,199.6582,open,
2026-09-14,VLO,18,85,EXTENDED,4.8829,378.7350,0.0126,,,,,0.0066,0.1001,360.7239,405.7516,target,2.0000
2026-09-14,FFIV,19,85,EXTENDED,4.5423,412.6100,-0.0012,,,,,-0.0013,0.0660,392.9677,442.0734,open,
2026-09-14,BRK-B,20,82,PULLBACK,2.0575,514.6811,0.0006,,,,,-0.0166,0.0176,495.1752,517.9998,target,2.0000
2026-09-15,AAPL,1,100,PULLBACK,3.5500,330.5650,0.0059,,,,,-0.0012,0.0240,307.9046,336.2238,target,2.0000
2026-09-15,CRWD,2,96,EXTENDED,15.9275,243.3400,-0.0264,,,,,-0.0417,0.0287,224.1766,272.0851,open,
2026-09-15,DELL,3,96,EXTENDED,13.1418,548.7300,0.0089,,,,,0.0025,0.0853,497.7906,625.1391,open,
2026-09-15,ELV,4,96,PULLBACK,3.8288,420.1600,-0.0075,,,,,-0.0328,0.0052,388.1648,429.4178,open,
2026-09-15,DVN,5,96,EXTENDED,5.7824,51.4700,-0.0194,,,,,-0.0723,-0.0194,49.4990,54.4265,stop,1.0000
2026-09-15,PANW,6,93,EXTENDED,6.9153,377.2050,-0.0257,,,,,-0.0562,0.0157,348.6796,419.9931,open,
2026-09-15,HPQ,7,93,EXTENDED,8.6456,33.9800,-0.0053,,,,,-0.0418,0.0344,31.5666,37.6001,open,
2026-09-15,SWKS,8,90,EXTENDED,23.6974,89.5600,-0.0020,,,,,-0.0572,0.0278,82.3875,100.3188,open,
2026-09-15,HPE,9,89,PULLBACK,3.0884,56.0850,-0.0103,,,,,-0.0190,0.1080,48.9306,62.6160,open,
2026-09-15,XOM,10,88,PULLBACK,3.9585,169.4300,-0.0130,,,,,-0.0479,-0.0114,157.3622,171.4029,open,
2026-09-15,CVX,11,88,EXTENDED,4.4037,216.9400,-0.0085,,,,,-0.0444,-0.0077,210.3618,226.8074,stop,2.0000
2026-09-15,FTNT,12,88,EXTENDED,8.6278,173.2700,-0.0232,,,,,-0.0414,0.0163,162.6768,189.1598,open,
2026-09-15,EOG,13,88,EXTENDED,4.1971,154.0200,-0.0262,,,,,-0.0730,-0.0199,148.4524,162.3714,stop,1.0000
2026-09-15,ADM,14,88,EXTENDED,4.6277,86.9200,-0.0139,,,,,-0.0308,0.0155,83.1146,92.6282,open,
2026-09-15,WST,15,88,EXTENDED,6.1397,368.0400,-0.0134,,,,,-0.0231,0.0021,355.0504,387.5244,open,
2026-09-15,EXPD,16,88,PULLBACK,2.7240,194.0800,-0.0025,,,,,-0.0379,-0.0025,183.6315,196.8866,open,
2026-09-15,FFIV,17,88,EXTENDED,6.8912,423.3050,0.0161,,,,,-0.0108,0.0390,403.4168,453.1372,open,
2026-09-15,PFG,18,88,PULLBACK,3.8808,117.7050,0.0020,,,,,-0.0257,0.0115,109.7917,118.5819,target,1.0000
2026-09-15,C,19,86,PULLBACK,0.4648,135.3100,0.0114,,,,,-0.0370,0.0117,129.5052,142.4522,open,
2026-09-15,VLO,20,86,EXTENDED,9.1897,397.2500,-0.0140,,,,,-0.0233,0.0489,378.6751,425.1124,open,
2026-09-16,SWKS,1,97,EXTENDED,18.4469,86.9400,-0.0021,,,,,-0.0288,0.0588,79.7874,97.6689,open,
2026-09-16,AAPL,2,96,EXTENDED,4.1866,333.8800,0.0027,,,,,-0.0111,0.0138,322.9179,350.3232,open,
2026-09-16,TMO,3,96,EXTENDED,4.8479,650.0000,0.0104,,,,,-0.0049,0.0209,626.4117,685.3825,open,
2026-09-16,CRWD,4,96,EXTENDED,14.3415,241.6020,-0.0230,,,,,-0.0348,0.0361,222.7853,269.8271,open,
2026-09-16,DELL,5,96,EXTENDED,16.1818,569.0000,0.0025,,,,,-0.0062,0.0466,518.1377,645.2935,open,
2026-09-16,ELV,6,96,PULLBACK,2.8456,417.0100,-0.0058,,,,,-0.0255,0.0042,389.3319,429.6821,open,
2026-09-16,PANW,7,93,EXTENDED,7.1383,378.0900,-0.0334,,,,,-0.0584,0.0133,350.0408,420.1637,open,
2026-09-16,DVN,8,93,PULLBACK,0.8627,49.1350,-0.0227,,,,,-0.0282,-0.0027,46.5977,51.8904,open,
2026-09-16,HPQ,9,93,EXTENDED,6.0835,33.3500,-0.0102,,,,,-0.0237,0.0540,31.0084,36.8624,open,
2026-09-16,WST,10,93,EXTENDED,4.7303,363.9000,0.0063,,,,,-0.0120,0.0135,351.1923,382.9615,open,
2026-09-16,HPE,11,89,EXTENDED,5.0815,57.2400,0.0002,,,,,-0.0040,0.0856,51.8236,65.3646,open,
2026-09-16,ABBV,12,88,PULLBACK,1.5335,263.7200,-0.0042,,,,,-0.0108,0.0099,251.1277,272.6509,open,
2026-09-16,CVX,13,88,PULLBACK,2.2834,212.9450,-0.0157,,,,,-0.0265,-0.0049,201.2702,218.5728,open,
2026-09-16,FTNT,14,88,EXTENDED,7.2255,171.7200,-0.0096,,,,,-0.0328,0.0255,161.1710,187.5435,open,
2026-09-16,FFIV,15,88,EXTENDED,6.6988,424.6000,0.0023,,,,,-0.0031,0.0359,403.7618,455.8573,open,
2026-09-16,PFG,16,88,EXTENDED,4.2884,118.4800,-0.0063,,,,,-0.0321,-0.0024,114.9215,123.8177,stop,2.0000
2026-09-16,APA,17,88,PULLBACK,3.3324,45.2650,-0.0140,,,,,-0.0191,0.0078,41.3132,47.5433,open,
2026-09-16,VTRS,18,87,PULLBACK,2.4037,17.0200,0.0047,,,,,-0.0065,0.0170,15.9883,17.5688,open,
2026-09-16,C,19,86,PULLBACK,0.2589,134.9400,0.0019,,,,,-0.0343,0.0019,129.5111,142.2121,open,
2026-09-16,VLO,20,86,EXTENDED,10.7554,406.0350,-0.0187,,,,,-0.0295,0.0262,386.7013,435.0355,open,
2026-09-17,SWKS,1,100,EXTENDED,21.1685,90.1700,0.0208,,,,,-0.0298,0.0208,82.7543,101.2936,open,
2026-09-17,CRWD,2,96,EXTENDED,15.6147,246.8950,0.0003,,,,,-0.0486,0.0025,227.5870,275.8570,open,
2026-09-17,HPE,3,96,EXTENDED,11.3411,61.0600,0.0105,,,,,-0.0232,0.0118,55.4445,69.4832,open,
2026-09-17,FFIV,4,96,EXTENDED,8.9395,436.3900,0.0063,,,,,-0.0288,0.0079,415.3069,468.0147,open,
2026-09-17,PANW,5,93,EXTENDED,5.9297,374.4750,0.0016,,,,,-0.0493,0.0041,346.0145,417.1658,open,
2026-09-17,MTD,6,93,PULLBACK,3.6155,1411.2700,-0.0046,,,,,-0.0185,0.0031,1305.2566,1447.1788,open,
2026-09-17,HPQ,7,93,EXTENDED,8.7195,34.3850,0.0103,,,,,-0.0182,0.0222,31.9669,38.0122,open,
2026-09-17,WST,8,93,EXTENDED,5.2625,366.3643,0.0006,,,,,-0.0187,0.0014,353.8503,385.1353,open,
2026-09-17,VTRS,9,93,PULLBACK,2.9636,17.1599,0.0018,,,,,-0.0146,0.0023,16.0470,17.5946,open,
2026-09-17,TMO,10,90,EXTENDED,6.1941,660.7700,-0.0063,,,,,-0.0211,-0.0010,637.3385,695.9174,open,
2026-09-17,RVTY,11,90,EXTENDED,14.7255,148.4350,-0.0130,,,,,-0.0403,-0.0104,141.4703,158.8820,open,
2026-09-17,KEYS,12,89,PULLBACK,2.7413,331.6050,0.0080,,,,,0.0005,0.0150,305.1192,349.2143,open,
2026-09-17,AAPL,13,88,EXTENDED,4.5491,335.9650,0.0058,,,,,-0.0102,0.0075,325.0497,352.3379,open,
2026-09-17,BRK-B,14,88,PULLBACK,0.8564,510.9950,-0.0075,,,,,-0.0095,0.0021,496.9102,521.2740,open,
2026-09-17,ABBV,15,88,PULLBACK,1.1494,262.4850,0.0031,,,,,-0.0002,0.0147,251.1981,271.9585,open,
2026-09-17,DELL,16,88,EXTENDED,17.6986,584.7550,0.0144,,,,,-0.0286,0.0184,534.4282,660.2452,open,
2026-09-17,FTNT,17,88,EXTENDED,7.4564,173.1850,-0.0042,,,,,-0.0410,-0.0014,162.4861,189.2334,open,
2026-09-17,ELV,18,88,PULLBACK,2.5899,416.6800,-0.0048,,,,,-0.0247,-0.0032,390.1119,430.2346,open,
2026-09-17,MET,19,88,PULLBACK,1.3371,97.6900,-0.0082,,,,,-0.0148,-0.0041,93.6452,100.5347,open,
2026-09-17,WAT,20,88,PULLBACK,3.7496,427.2950,0.0045,,,,,-0.0152,0.0078,394.5009,437.8793,open,
